{"items":[{"title":"短兵相接","id":"DBXJ","album":"战国楚屈原《楚辞九歌国殇》：“操吴戈兮披犀甲，车错毂兮短兵接。”","translation":"兵：武器。短兵：指刀、剑等一类短小武器。用刀、剑等一类短小武器近距离地面对面搏斗。形容敌我相近；战斗激烈。也比喻进行针锋相对的激烈斗争。","pronunciation":"duǎnbīngxiāngjiē"},{"title":"肝肠寸断","id":"GCCD","album":"西汉刘向《战国策燕策三》：“吾要且死，子肠亦且寸绝。”","translation":"肝脏和肠子好像被寸寸斩断一样。形容万分悲痛。","pronunciation":"gānchángcùnduàn"},{"title":"狐假虎威","id":"HJHW","album":"西汉刘向《战国策楚策一》：“虎以为然，故遂与之行，兽见之皆走。虎不知兽畏己而走也，以为畏狐也。”","translation":"假：假借；凭借。狐狸借着老虎的威风去吓唬其他野兽。比喻凭借别人的威势来欺压人。","pronunciation":"hújiǎhǔwēi"},{"title":"空穴来风","id":"KXLF","album":"战国楚宋玉《风赋》：“臣闻于师：‘枳句来巢，空穴来风。’”","translation":"穴：洞、孔；来：招致。有了空隙就会招致风吹来。比喻流言乘机传开来；或比喻消息或传说不是完全没有来由。","pronunciation":"kōngxuéláifēng"},{"title":"门庭若市","id":"MTRS","album":"西汉刘向《战国策齐策一》：“群臣进谏，门庭若市。”","translation":"门：原指宫门；庭：原指朝庭；现指院子；若：好像；市：集市；市场。原来形容宫门里；朝庭上；进谏的人多得像在集市一样；十分热闹。现在形容来的人很多；非常热闹。","pronunciation":"méntíngruòshì"},{"title":"两虎相斗","id":"LHXD","album":"西汉刘向《战国策秦策二》：“虎者，戾虫；人者，甘饵。今两虎诤人而斗，小者必死，大者必伤。”","translation":"比喻力量强大的双方相搏斗。","pronunciation":"liǎnghǔxiāngdòu"},{"title":"前功尽弃","id":"QGJQ","album":"西汉司马迁《史记周本纪》：“今又将兵出塞，过两周，倍韩，攻梁，一举不得，前功尽弃。”","translation":"以前的功劳、成绩完全丢失；或以前的努力完全白费。","pronunciation":"qiángōngjìnqì"},{"title":"犬兔俱毙","id":"QTJB","album":"《战国策·齐策三》：“韩子卢者，天下之疾犬也；东郭逡者，海内之狡兔也。韩子卢逐东郭逡，环山者三，腾山者五，兔极于前，犬废于后，犬兔俱罢，各死其处。田父见之，无劳倦之苦而擅其功。”","translation":"比喻双方同归于尽。","pronunciation":"quāntùjǜbì"},{"title":"势不两立","id":"SBLL","album":"西汉刘向《战国策楚策一》：“楚强则秦弱，楚弱则秦强，此其势不两立。”","translation":"两立：并存。指敌对的双方不能同时存在。比喻矛盾不可调和。","pronunciation":"shìbùliǎnglì"},{"title":"羽毛未丰","id":"YMWF","album":"西汉刘向《战国策秦策一》：“秦王曰：‘寡人闻之，毛羽不丰满者，不可以高飞。’”","translation":"小鸟的羽毛还没有长全（丰：丰满）。比喻尚未成熟或力量还不够强大。","pronunciation":"yǔmáowèifēng"},{"title":"两虎相争","id":"LHXZ","album":"《战国策秦策二》：“今两虎诤人而斗，小者必死，大者必伤。”《史记春申君列传》：“天下莫强于秦楚，今闻大王欲伐楚，此犹两虎相与斗。”〖示例〗我相公官至下大夫，不知为何，近日只要与上大夫赵正卿争朝，我想～，必有一伤。★明徐元《八义记张维评话》","translation":"两只老虎相互争斗。比喻力量强大的双方相搏斗。","pronunciation":"liǎnghǔxiāngzhēng"},{"title":"人心不足蛇吞象","id":"RXBZSTX","album":"元无名氏《冤家债主》楔子：“人心不足蛇吞象，世事到头螳捕蝉。”","translation":"比喻人贪心不足，就象蛇想吞食大象一样。","pronunciation":"rénxīnbùzúshétūnxiàng"},{"title":"渔人得利","id":"YRDL","album":"西汉刘向《战国策燕策二》：“两者不肯相舍，渔者得而并禽之。”","translation":"趁着双方争持不下而从中得到好处。","pronunciation":"yúréndélì"},{"title":"蚌鹬相持","id":"BXC","album":"《战国策燕策二》：“今者臣来，过易水，蚌方出曝，而鹬啄其肉，蚌合而钳其喙。鹬曰：‘今日不雨，明日不雨，即有死蚌。’蚌亦谓鹬曰：‘今日不出，明日不出，即有死鹬。’两者不肯相舍，渔翁得而并禽之。”","translation":"比喻双方相争，两败俱伤，徒使第三者得利。","pronunciation":"bàngyùxiāngchí"},{"title":"邻女詈人","id":"LNR","album":"西汉刘向《战国策秦策一》：“居彼人之所，则欲其报我也；为我妻，则欲其为我詈人也。”","translation":"比喻各为其主","pronunciation":"línnǚlìrén"},{"title":"惠子知我","id":"HZZW","album":"惠子指惠施，战国宋人，在先秦诸子中属名家，为庄周契友。惠死后，庄周过其墓，曾借匠石斫垩的寓言，感慨“自夫子之死也，吾无以为质矣，吾无与言之矣”。见《庄子·徐无鬼》。","translation":"惠子指惠施，战国宋人，在先秦诸子中属名家，为庄周契友。惠死后，庄周过其墓，曾借匠石斫垩的寓言，感慨“自夫子之死也，吾无以为质矣，吾无与言之矣”。见《庄子·徐无鬼》。后因以“惠子知我”喻朋友相知之深。","pronunciation":"huìzǐzhīwǒ"},{"title":"鹬蚌相争，渔翁得利","id":"BXZYWDL","album":"西汉刘向《战国策燕策二》：“蚌方出曝，而鹬啄其肉，蚌合而钳其喙。鹬曰：‘今日不雨，明日不雨，即有死蚌。’蚌亦曰：‘今日不雨，明日不雨，即有死鹬。’两者不肯相舍，渔者得而并禽之","translation":"鹬：长嘴水鸟；蚌：有贝壳的软体动物。比喻双方争执不下，两败俱伤，让第三者占了便宜。","pronunciation":"yùbàngxiāngzhēng，yúwēngdélì"},{"title":"燕昭市骏","id":"YZSJ","album":"唐·高適《同鲜于洛阳于毕员外宅观画马歌》：“家僮愕视欲先鞭，枥马惊嘶还屡顾。始知物妙皆可怜，燕昭市骏岂徒然。”","translation":"指战国时郭隗以古代君王悬赏千金买千里马为喻，劝说燕昭王真心求贤的事。","pronunciation":"yànzhāoshìjùn"},{"title":"前事不忘，后事之师","id":"QSBWHSZS","album":"西汉刘向《战国策赵策一》：“前事之不忘，后事之师。”","translation":"师：借鉴。不要忘记过去的经验教训，可以作为以后工作的借鉴。","pronunciation":"qiánshìbùwàng，hòushìzhīshī"},{"title":"二者必居其一","id":"EZBJQY","album":"战国邹孟轲《孟子公孙丑下》：“前日之不受是，今日之受非也；今日之受是，则前日之不受非也。夫子居一于此矣。”","translation":"居：占。只能在两者中选择其中的一种","pronunciation":"èrzhěbìjūqíyī"},{"title":"骥伏盐车","id":"FYC","album":"西汉刘向《战国策楚策四》：“夫骥之齿至矣，服盐车而上太行。”","translation":"骥：千里马。指才华遭到抑制，处境困厄","pronunciation":"jìfúyánchē"},{"title":"白虹贯日","id":"BHGR","album":"西汉刘向《战国策魏策四》：“夫专诸之刺王僚也，彗星袭月；聂政之刺韩傀也，白虹贯日。”","translation":"虹：这里指的是“晕”（yùn）；即日光通过云层中的冰晶时；经折射而形成的光圈；贯：穿。古人迷信；认为这种异常的天象；是天变将发的征兆；将有不平常的事件发生。","pronunciation":"báihóngguànrì"},{"title":"管鲍分金","id":"GBFJ","album":"《史记·管晏列传》：“管仲曰：‘吾始困时，尝与鲍叔贾，分财利多自与，鲍叔不以我为贪，知我贫也’”","translation":"管：管仲；鲍：鲍叔牙，战国时齐国的名相；金：钱财。比喻情谊深厚，相知相悉。","pronunciation":"guǎnbàofēnjīn"},{"title":"首身分离","id":"SSFL","album":"《战国策·秦策四》：“刳腹折颐，首身分离。”","translation":"首：头。头和身体分开了。指被砍头。","pronunciation":"shǒushēnfēnlí"},{"title":"曾参杀人","id":"ZCSR","album":"西汉刘向《战国策秦策二》：“人告曾子母曰：‘曾参杀人。’曾子之母曰：‘吾子不杀人。’织自若。”","translation":"比喻流言可畏。","pronunciation":"zēngshēnshārén"},{"title":"跖犬吠尧","id":"QFY","album":"《战国策·齐策》：“跖之狗吠尧，非贵跖而贱尧也，狗固吠非其它也。”","translation":"桀的犬向尧狂吠。比喻各为其主。","pronunciation":"zhíquánfèiyáo"},{"title":"曾母投杼","id":"ZMT","album":"《战国策·秦策二》：“人告曾子母曰：‘曾参杀人。’曾子之母曰：‘吾子不杀人。’织自若。……其母惧，投杼逾墙而走。夫以曾参之贤与母之信也，而三人疑之，则慈母不能信也。”","translation":"指曾参的母亲听到“曾参杀人”的传闻接连三次，便信以为真，投杼而走，谓流言可畏。","pronunciation":"zēngmǔtóuzhù"},{"title":"冯驩弹铗","id":"FD","album":"唐·骆宾王《上齐州张司马启》：“薛邑闻歌，揖冯驩于弹铗；夷门命驾，顾侯嬴于抱关。”","translation":"据《战国策·齐策四》载，齐人冯谖（《史记·孟尝君列传》引作“冯驩”）为孟尝君门客，不受重视。冯三弹其铗而歌，一曰：“长铗归来乎！食无鱼！”二曰：“长铗归来乎！出无车！”三曰：“长铗归来乎！无以为家！”孟尝君一一满足其要求，使冯食有鱼，出有车，冯母供养无乏","pronunciation":"fénghuāndànjiá"},{"title":"韩卢逐逡","id":"HLZ","album":"《战国策·齐策三》：“韩子卢者，天下之疾犬也。东郭逡者，海内之狡兔也。韩子卢逐东郭逡，环山者三，腾山者五，兔极于前，犬废于后，犬兔俱罢，各死其处。”鲍彪注：“逡，狡兔名。”","translation":"《战国策·齐策三》：“韩子卢者，天下之疾犬也。东郭逡者，海内之狡兔也。韩子卢逐东郭逡，环山者三，腾山者五，兔极于前，犬废于后，犬兔俱罢，各死其处。”鲍彪注：“逡、?同，狡兔名。”后以“韩卢逐?”比喻争强斗胜，两败俱伤。","pronunciation":"hánlúzhúqūn"},{"title":"龙阳泣鱼","id":"LYQY","album":"《战国策·魏策四》：“魏王与龙阳君共船而钓，龙阳君得十馀鱼而涕下。……王曰：‘然则何为出涕？’曰：‘臣为王之所得鱼也。’王曰：‘何谓也？’对曰：‘臣之始得鱼也，臣甚喜，后得又益大，今臣直欲弃臣前之所得矣。……臣亦将弃矣，臣安能无涕","translation":"《战国策·魏策四》：“魏王与龙阳君共船而钓，龙阳君得十馀鱼而涕下。王曰：‘有所不安乎？如是，何不相告也？’对曰：‘臣无敢不安也。’王曰：‘然则何为出涕？’曰：‘臣为王之所得鱼也。’王曰：‘何谓也？’对曰：‘臣之始得鱼也，臣甚喜，后得又益大，今臣直欲弃臣前","pronunciation":"lóngyángqìyú"},{"title":"野人奏曝","id":"YRZP","album":"战国郑列御寇《列子杨朱》：“暨春东作，自曝于日，不知天下之有广厦隩室，绵纩狐貉。”","translation":"比喻微薄的贡献。","pronunciation":"yěrénzòupù"},{"title":"安步当车","id":"ABDC","album":"西汉刘向《战国策齐策四》：“晚食以当肉，安步以当车，无罪以当贵，清静贞正以自虞。”","translation":"安：安详从容；不慌不忙。步：步行；当：代替。不慌不忙地步行；权当是乘车。又借指人能安于贫贱自行其乐。","pronunciation":"ānbùdàngchē"},{"title":"鹬蚌相持，渔翁得利","id":"BXCYWDL","album":"《战国策燕策二》记载：蚌张开壳晒太阳，鹬去啄它，嘴被蚌壳夹住，两方面都不相让。渔翁来了，把两个都捉住了。","translation":"比喻双方争执不下，两败俱伤，让第三者占了便宜。","pronunciation":"yùbàngxiāngchí，yúwēngdélì"},{"title":"道不拾遗","id":"DBSY","album":"韩非《韩非子外储说左上》：“子产退而为政，五年，国无盗贼，道不拾遗。”","translation":"遗：丢失的东西。东西掉在路上没有人捡走；据为己有。形容社会风气很好。也作“路不拾遗”。","pronunciation":"dàobùshíyí"},{"title":"宁为鸡口，无为牛后","id":"NWJKWWNH","album":"西汉刘向《战国策韩策一》：“臣闻鄙语曰：‘宁为鸡口，无为牛后。’今大王西面交臂而臣事秦，何以异于牛后？”","translation":"比喻宁居小者之首，不为大者之后","pronunciation":"nìngwéijīkǒu，wúwéiniúhòu"},{"title":"覆巢无完卵","id":"FCWWL","album":"南朝宋刘义庆《世说新语言语》：“大人，岂见覆巢之下复有完卵乎？”","translation":"覆：翻倒。翻倒的鸟窝里不会有完好的卵。比喻灭门大祸，无一幸免。又比喻整体毁灭，个体也不能幸存。","pronunciation":"fùcháowúwánluǎn"},{"title":"画蛇添足","id":"HSTZ","album":"西汉刘向《战国策齐策二》：“蛇固无足，子安能为之足？”","translation":"画蛇时添上脚。喻指徒劳无益；多此一举。","pronunciation":"huàshétiānzú"},{"title":"挥汗成雨","id":"HHCY","album":"春秋齐晏婴《晏子春秋杂下九》：“齐之临淄三百闾，张袂成阴，挥汗成雨，比肩继踵而在，何为无人？”","translation":"挥：洒，泼。用手抹汗，汗洒下去就跟下雨一样。形容人多。","pronunciation":"huīhànchéngyǔ"},{"title":"狡兔三窟","id":"JTSK","album":"西汉刘向《战国策齐策四》：“狡兔有三窟，仅得免其死耳；今君有一窟，未得高枕而卧也。请为君复凿二窟。”","translation":"窟：洞穴。狡猾的兔子有三个洞穴。原比喻藏身的地方特别多；用来躲避灾难祸患。现多比喻掩盖的方法多；隐身的计划周密。","pronunciation":"jiǎotùsānkū"},{"title":"曲高和寡","id":"QGHG","album":"战国楚宋玉《对楚王问》：“引商刻羽，杂以流徵，国中属而和者不过数十人而已。是其曲弥高，其和弥寡。”","translation":"曲：乐曲。高：高雅。和：和谐地跟着唱。寡：少。乐曲的格调越高；能跟着唱的人就越少。原比喻知音难觅。现多用于比喻言行卓越不凡、艺术作品等高雅深奥；很难有人理解或接受。","pronunciation":"qǔgāohèguǎ"},{"title":"三人成虎","id":"SRCH","album":"西汉刘向《战国策魏策二》：“夫市之无虎明矣，然而三人言而成虎。今邯郸去大梁也远于市，而议臣者过于三人矣。”","translation":"城里本没有虎；但只要有三个人说城里有虎；听者就信以为真。比喻谣言或讹传一再传播；就能使人信以为真。","pronunciation":"sānrénchénghǔ"},{"title":"图穷匕见","id":"TQJ","album":"西汉刘向《战国策燕策三》：“轲既取图奉之，发图，图穷而匕首见。”","translation":"比喻到最后露出了事物的真相或本来的目的。穷：尽；匕：匕首；短剑。","pronunciation":"túqióngbǐxiàn"},{"title":"过门不入","id":"GMBR","album":"战国·邹·孟轲《孟子·离娄下》：“禹稷当平世，三过其门而不入。”","translation":"经过家门而不回家。形容忠于职守，公而忘私。","pronunciation":"guòménbùrù"},{"title":"一以当十","id":"YYDS","album":"《战国策齐策一》：“一而当十，十而当百，百而当千。《史记项羽本纪》：“楚战士无不一以当十，楚兵呼声动天，诸侯军无不人人惴恐。”","translation":"当：相当。一个人抵挡十个人。形容军队英勇善战。","pronunciation":"yīyǐdāngshí"},{"title":"死不旋踵","id":"SBX","album":"《战国策中山策》：“当此之时，秦中士卒，以军中为家，将帅为父母，不约而亲，不谋而信，一心同功，死不旋踵。”","translation":"旋踵：旋转足跟，即后退。比喻不畏艰险，坚决向前。亦比喻极短时间内即死去。","pronunciation":"sǐbùxuánzhǒng"},{"title":"燕骏千金","id":"YJQJ","album":"战国时，燕昭王即位后急于招揽人才。郭隗以马为喻，说古代君王悬赏千金卖千里马，三年后得一死马，用五百金买下马骨，于是不到一年，得到三匹千里马，劝说燕昭王若能真心求贤，贤士将闻风而至。见《战国策·燕策一》。","translation":"战国时，燕昭王即位后急于招揽人才。郭隗以马为喻，说古代君王悬赏千金卖千里马，三年后得一死马，用五百金买下马骨，于是不到一年，得到三匹千里马，劝说燕昭王若能真心求贤，贤士将闻风而至。见《战国策·燕策一》。后以“燕骏千金”为招纳贤士之典。","pronunciation":"yànjùnqiānjīn"},{"title":"北辕适楚","id":"BYSC","album":"汉荀悦《申鉴杂言下》：“先民有言：适楚而北辕者，曰：‘吾马良，用多，御善。’此三者益侈，其去楚亦远矣。”","translation":"北辕：车子向北行驶；适：到。楚在南方，赶着车往南走。比喻行动与目的相反。","pronunciation":"běiyuánshìchǔ"},{"title":"狐死首丘","id":"HSSQ","album":"战国楚屈原《九章哀郢》：“鸟飞反故乡兮，狐死必首丘。”","translation":"首丘：头向着狐穴所在的土丘。传说狐狸将死时，头必朝向出生的山丘。比喻不忘本。也比喻暮年思念故乡。","pronunciation":"húsǐshǒuqiū"},{"title":"千金市骨","id":"QJSG","album":"宋黄庭坚《咏李伯时摹韩幹三马次苏子由韵》：“千金市骨今何有，士或不价五羖皮。”","translation":"花费千金，买千里马的骨头。比喻罗致人才的迫切。","pronunciation":"qiānjīnshìgǔ"},{"title":"望帝啼鹃","id":"WDTJ","album":"元·关汉卿《窦娥冤》：“若没些儿灵圣与世人传，也不见得湛湛清天。我不要半星血红尘洒，都只在八尺旗枪素练悬。等他四下里皆瞧见，这就是咱苌弘化碧，望帝啼鹃。”","translation":"相传战国时蜀王杜宇称帝，号望帝，为蜀治水有功，后禅位臣子，退隐西山，死后化为杜鹃鸟，啼声凄切。后常指悲哀凄惨的啼哭。","pronunciation":"wàngdìtíjuān"},{"title":"图穷匕首见","id":"TQSJ","album":"《战国策燕策三》：“秦王谓轲曰：‘起，取武阳所持图。’轲既取图奉之。发图，图穷而匕首见。”","translation":"图：地图；穷：尽；见：现。比喻事情发展到最后，真相或本意显露了出来。","pronunciation":"túqióngbǐshǒuxiàn"},{"title":"三告投杼","id":"SGT","album":"《战国策·秦策二》：“昔者曾子处费，费人有与曾子同名族者而杀人，人告曾子母曰：‘曾参杀人。’曾子之母曰：‘吾子不杀人。’织自若。有顷焉，人又曰：‘曾参杀人。’其母尚织自若也。顷之，一人又告之曰：‘曾参杀人。’其母惧，投杼逾墙而走。","translation":"《战国策秦策二》：“昔者曾子处费，费人有与曾子同名族者而杀人，人告曾子母曰：‘曾参杀人。’曾子之母曰：‘吾子不杀人。’织自若。有顷焉，人又曰：‘曾参杀人。’其母尚织自若也。顷之，一人又告之曰：‘曾参杀人。’其母惧，投杼逾墙而走。”后以“三告投杼”比喻流","pronunciation":"sāngàotóuzhù"},{"title":"二卵弃干城","id":"ELQGC","album":"《孔丛子居卫》：“今君处战国之世，选爪牙之士而以二卵焉弃干城之将，此不可使闻于邻国者也。”","translation":"卵：鸡蛋；干城：捍卫者。比喻因人有小的过失而忽略他的大节","pronunciation":"èrluǎnqìgānchéng"},{"title":"安然无恙","id":"ARW","album":"明冯梦龙《醒世恒言》第29卷：“按院照旧供职，陆公安然无恙。”","translation":"安然：平安；恙：疾病；伤害；无恙：没有疾病、灾祸或事故。原指人平安没有疾病。现泛指经过动乱或灾害而平安无事；没有受到损害。","pronunciation":"ānránwúyàng"},{"title":"百步穿杨","id":"BBCY","album":"西汉司马迁《史记周本纪》：“楚有养由基者，善射者也。去柳叶百步而射之，百发而百中之。左右观者数千人，皆曰善射。”","translation":"百步：一百步以外；杨：指杨树的叶子。在百步之外射穿一片选定的杨树叶子。形容射箭技巧娴熟。","pronunciation":"bǎibùchuānyáng"},{"title":"不可同日而语","id":"BKTREY","album":"西汉刘向《战国策赵策二》：“夫破人之与破于人也，岂可同日而言之哉？”","translation":"不能放在同一时间谈论。形容不能相提并论，不能相比。","pronunciation":"bùkětóngrìéryǔ"},{"title":"不翼而飞","id":"BYEF","album":"战国齐管仲《管子戒篇》：“无翼而飞者，声也；无根而固者，情也。”","translation":"翼：翅膀；不翼：没有翅膀。没有翅膀就飞走了。形容消息等流传迅速；也比喻东西突然不见了。也作“无翼而飞”。","pronunciation":"bùyìérfēi"},{"title":"布衣之交","id":"BYZJ","album":"西汉刘向《战国策齐策三》：“卫君与文布衣交，请具车马皮币，愿君以此从卫君游。”鲍彪注：“言交于未贵时。”","translation":"布衣：古时平民的衣著。平民之间交往的友谊。指显贵者与没有官职、地位低贱的人相交往。","pronunciation":"bùyīzhījiāo"},{"title":"腹心之疾","id":"FXZJ","album":"先秦左丘明《左传哀公六年》：“除腹心之疾，而置诸股肱，何益？”","translation":"腹心：比喻要害处；疾：疾患。比喻要害处的祸患。","pronunciation":"fùxīnzhījí"},{"title":"高枕而卧","id":"GZEW","album":"《战国策·魏策一》：“事秦，则楚韩必不敢动；无楚韩之患，则大王高枕而卧，国必无忧矣。”","translation":"垫高枕头安心地睡觉。形容无忧无虑。平安无事。","pronunciation":"gāozhěnérwò"},{"title":"高枕无忧","id":"GZWY","album":"《旧五代史世袭传二高季兴》：“且游猎旬日不回，中外之情，其何以堪，吾高枕无忧矣。”","translation":"把枕头垫得高高的；无忧无虑地睡大觉。原形容平安无事；不必担忧。后也指思想麻痹；放松警惕。","pronunciation":"gāozhěnwúyōu"},{"title":"邯郸学步","id":"HDXB","album":"庄周《庄子秋水》：“且子独不闻夫寿陵余子之学行于邯郸与？未得国能，又失其故行矣，直匍匐而归耳。”","translation":"邯郸：战国时赵国的都城；步：迈步走路。步伐；相传战国时赵国人走路的步伐、姿势特别优美大方；威武好看。燕国寿陵地方有几个年轻人结伴到赵国去学习邯郸人的走路姿势。结果不但没有把赵国人的走路姿势学到手；反而连自己原来的走法也忘记了；只好爬着回去。比喻模仿别人不成；反而把自己原有的技能丢掉了。","pronunciation":"hándānxuébù"},{"title":"邯郸学步","id":"HDXB","album":"庄周《庄子秋水》：“且子独不闻夫寿陵余子之学行于邯郸与？未得国能，又失其故行矣，直匍匐而归耳。”","translation":"邯郸：战国时赵国的都城；步：迈步走路。步伐；相传战国时赵国人走路的步伐、姿势特别优美大方；威武好看。燕国寿陵地方有几个年轻人结伴到赵国去学习邯郸人的走路姿势。结果不但没有把赵国人的走路姿势学到手；反而连自己原来的走法也忘记了；只好爬着回去。比喻模仿别人不成；反而把自己原有的技能丢掉了。","pronunciation":"hándānxuébù"},{"title":"挥汗如雨","id":"HHRY","album":"西汉刘向《战国策齐策一》：“监淄之途，车彀击，人肩摩，连衽成帷，举袂成幕，挥汗成雨。”","translation":"众人用手抹汗；挥洒的汗水像雨点一样。形容人多、拥挤。也形容因天热或劳动而出汗很多。","pronunciation":"huīhànrúyǔ"},{"title":"惊弓之鸟","id":"JGZN","album":"《晋书王鉴传》：“黩武之众易动，惊弓之鸟难安。”","translation":"被弓箭吓怕了的鸟。比喻受过惊吓的人；遇到一点情况就惶恐不安。也作“伤弓之鸟。”","pronunciation":"jīnggōngzhīniǎo"},{"title":"伤弓之鸟","id":"SGZN","album":"《晋书苻生载记》：“伤弓之鸟，落于虚发。”","translation":"被弓箭吓怕了的鸟。比喻受过惊吓，遇到一点动静就怕的人。","pronunciation":"shānggōngzhīniǎo"},{"title":"食不甘味","id":"SBGW","album":"西汉司马迁《史记孙子吴起传》：“寡人已知将军能用兵矣。寡人非此二姬，食不甘味，愿勿斩也。”","translation":"甘：味道好。吃东西品不出其中的味道。形容心中有事；吃东西也不香。","pronunciation":"shíbùgānwèi"},{"title":"天府之国","id":"TFZG","album":"西汉刘向《战国策秦策一》：“田肥美，民殷富，战车万乘，奋击百万，沃野千里，蓄积饶多，地势形便，此所谓天府，天下之雄国也。”","translation":"天府：天生的仓库；国：地区。原指土地肥沃、物产丰富的地区。后专指四川。","pronunciation":"tiānfǔzhīguó"},{"title":"围魏救赵","id":"WWJZ","album":"明罗贯中《三国演义》第30回：“曹军劫粮，曹操必然亲往；操即自出，寨心空虚，可纵兵先击曹操之寨；操闻之，必速还。此孙膑‘围魏救赵’之计也。”","translation":"指攻击敌人后方；迫使进攻的敌人撤回兵力的战术。魏、赵：战国时的国名。","pronunciation":"wéiwèijiùzhào"},{"title":"渔人之利","id":"YRZL","album":"明凌濛初《二刻拍案惊奇》第16卷：“他日可以在里头看景生情，得些渔人之利。”","translation":"渔人：比喻第三者。比喻双方争执不下，两败俱伤，让第三者占了便宜。","pronunciation":"yúrénzhīlì"},{"title":"纸上谈兵","id":"ZSTB","album":"老舍《四世同堂》：“书生只喜欢纸上谈兵，只说而不去实行。”","translation":"在纸上谈论用兵（兵：打仗；用兵）。比喻不解决实际问题的空谈。","pronunciation":"zhǐshàngtánbīng"},{"title":"以一当十","id":"YYDS","album":"《战国策齐策一》：“一而当十，十而当百，百而当千。”《史记项羽本纪》：“楚战士无不一以当十，楚兵呼声动天，诸侯军无不人人惴恐。”","translation":"一个人可抵挡十个人。形容以少胜多；英勇善战。","pronunciation":"yǐyīdāngshí"},{"title":"宋玉东墙","id":"SYDQ","album":"战国楚宋玉《登徒子好色赋》谓宋玉东邻有一女，姣好为楚国之冠，登墙窥视宋玉三年而宋玉不与之交往。","translation":"喻指貌美多情的女子。","pronunciation":"sòngyùdōngqiáng"},{"title":"危于累卵","id":"WYLL","album":"《战国策·秦策四》：“当是时，魏危于累卵，天下之士相从谋。”汉·枚乘《上书谏吴王》：“必若所欲为，危于累卵，难于上天。”《后汉书·申屠刚传》：“国家危弱，奸谋不禁；六极之效，危于累卵。”","translation":"比垒起的蛋还危险。喻极其危险。","pronunciation":"wēiyúlèiluǎn"},{"title":"不遗余力","id":"BYYL","album":"西汉刘向《战国策赵策三》：“秦不遗馀力矣，必且破赵军。”","translation":"遗：保留；余力：剩余的力量。用出全部力量一点也不保留。","pronunciation":"bùyíyúlì"},{"title":"不自量力","id":"BZLL","album":"唐玄奘《大唐西域记摩揭陀国上》：“今诸外道不自量力，结党连群，敢声论鼓，惟愿大师摧诸异道。”","translation":"量：估计。不能估计自己的力量。指过高估计自己的实力。","pronunciation":"bùzìliànglì"},{"title":"抵掌而谈","id":"DZET","album":"西汉刘向《战国策秦策一》：“见说赵王于华屋之下，抵掌而谈，赵王大悦。”","translation":"指谈得很融洽。","pronunciation":"dǐzhǎngértán"},{"title":"颠倒黑白","id":"DDHB","album":"战国楚屈原《楚辞九章怀沙》：“变白以为黑兮，倒上以为下。”","translation":"把黑的说成白的；把白的说成黑的。比喻故意歪曲事实；混淆是非。","pronunciation":"diāndǎohēibái"},{"title":"三夫之言","id":"SFZY","album":"《战国策·秦策二》：“昔者曾子处费，费人有与曾子同名族者而杀人，人告曾子母曰：‘曾参杀人。’曾子母曰：‘吾子不杀人。’织自若。有顷焉，人又曰：‘曾参杀人。’其母尚织自若。顷之，一人又告之曰：‘曾参杀人。’其母惧……”","translation":"泛指经过多人传播的流言。语本《战国策秦策二》：“昔者曾子处费，费人有与曾子同名族者而杀人，人告曾子母曰：‘曾参杀人。’曾子母曰：‘吾子不杀人。’织自若。有顷焉，人又曰：‘曾参杀人。’其母尚织自若。顷之，一人又告之曰：‘曾参杀人。’其母惧，投杼逾墙而走。","pronunciation":"sānfūzhīyán"},{"title":"为蛇画足","id":"WSHZ","album":"《战国策·齐策二》：“楚有祠者，赐其舍人卮酒。舍人相谓曰：‘数人饮之不足，一人饮之有余；请画地为蛇，先成者饮酒。’一人蛇先成，引酒且饮之，乃左手持卮，右手画蛇，曰：‘吾能为之足。’未成，一人之蛇成，夺其卮曰：‘蛇固无足，子安能为之","translation":"《战国策·齐策二》：“楚有祠者，赐其舍人卮酒。舍人相谓曰：‘数人饮之不足，一人饮之有余；请画地为蛇，先成者饮酒。’一人蛇先成，引酒且饮之，乃左手持卮，右手画蛇，曰：‘吾能为之足。’未成，一人之蛇成，夺其卮曰：‘蛇固无足，子安能为之足！’遂饮其酒。”后以“","pronunciation":"wéishéhuàzú"},{"title":"墨守成规","id":"MSCG","album":"清黄宗羲《钱退山诗文序》：“如钟嵘之《诗品》，辨体明宗，固朱尝墨守以为准的也。”","translation":"墨守：战国时墨翟善于守城；故称善守为“墨守”；后指固执不变地遵循为墨守；成规：现成地规矩、制度。固执守旧；死报着老规矩不放；不思改革进取。","pronunciation":"mòshǒuchéngguī"},{"title":"楚天云雨","id":"CTYY","album":"战国楚宋玉《高唐赋》：“妾在巫山之阳，高丘之阻，旦为朝云，暮为行雨。”","translation":"指巫山神女，或男女欢情","pronunciation":"chǔtiānyúnyǔ"},{"title":"城北徐公","id":"CBXG","album":"《战国策·齐策一》：“城北徐公，齐国之美丽者也。”","translation":"原指战国时期齐国姓徐的美男子。后作美男子的代称。","pronunciation":"chéngběixǘgōng"},{"title":"干城之将","id":"GCZJ","album":"《诗经·周南·兔罝》：“纠纠武夫，公侯干城。”《孔丛子·居卫》：“今君处战国之世，选爪牙之士，而以二卵焉弃干城之将，此不可使闻于邻国者也。”","translation":"干城：盾牌和城墙，比喻捍卫者。指保卫国家的大将。","pronunciation":"gānchéngzhījiàng"},{"title":"巫山云雨","id":"WSYY","album":"战国楚·宋玉《高唐赋序》：“妾在巫山之阳，高丘之阻。旦为朝云，暮为行雨，朝朝暮暮，阳台之下。”","translation":"原指古代神话传说巫山神女兴云降雨的事。后称男女欢合。","pronunciation":"wūshānyúnyǔ"},{"title":"无可奈何","id":"WKNH","album":"西汉司马迁《史记周本纪》：“太史伯阳曰：‘祸成矣，无可奈何！’”","translation":"奈何：如何；怎么办。不得已；没有办法。","pronunciation":"wúkěnàihé"},{"title":"田父之功","id":"TFZG","album":"西汉刘向《战国策齐策三》：“田父见之，无劳倦之苦，而擅其功……臣恐强秦大楚承其后，有田父之功。”","translation":"指不预其事而轻易得到好处。","pronunciation":"tiánfùzhīgōng"},{"title":"摇尾涂中","id":"YWTZ","album":"战国时，楚王派大夫去请庄子做官，庄子对楚大夫说：听说楚国有神龟，死去已三千年，现在把它用匣子装起来藏在庙堂之上。你看此龟是留下骨头让人珍藏好呢，还是活着曳尾于泥涂中好？大夫说：当然是活着曳尾于涂中好。庄子说：那末我将曳尾于涂中。见","translation":"战国时，楚王派大夫去请庄子做官，庄子对楚大夫说：听说楚国有神龟，死去已三千年，现在把它用匣子装起来藏在庙堂之上。你看此龟是留下骨头让人珍藏好呢，还是活着曳尾于泥涂中好？大夫说：当然是活着曳尾于涂中好。庄子说：那末我将曳尾于涂中。见《庄子·秋水》。曳尾，犹","pronunciation":"yáowěitúzhōng"},{"title":"二缶钟惑","id":"EZH","album":"战国宋庄周《庄子天地》：“以二缶钟惑，而所适不得矣。”","translation":"二：疑，不明确；缶、钟：指古代量器。弄不清缶与钟的容量。比喻弄不清普通的是非道理。","pronunciation":"èrfǒuzhōnghuò"},{"title":"筑台募士","id":"ZTMS","album":"宋·范仲淹《帝王好尚论》：“汤五聘伊尹，文王躬迎吕望，周公握发吐哺以待白屋之士，郑武公好贤而诗雅歌之，燕昭王筑台募士而智者归之。”","translation":"募：招寡。比喻广泛招纳贤士","pronunciation":"zhùtáimùshì"},{"title":"先自隗始","id":"XZS","album":"《战国策·燕策一》：“今王诚欲致士，先从隗始，隗且见事，况贤于隗者乎？”","translation":"隗：指战国燕人郭隗；始：开始。以先任用我郭隗为开端。表示自我推荐。","pronunciation":"xiānzìwěishǐ"},{"title":"积羽沉舟","id":"JYCZ","album":"西汉刘向《战国策魏策一》：“臣闻积羽沉舟，群轻折轴，众口铄金。”","translation":"羽毛虽小，积多了也能把船压沉。比喻小小的坏事积累起来就会造成严重的后果。","pronunciation":"jīyǔchénzhōu"},{"title":"守株待兔","id":"SZDT","album":"战国韩韩非《韩非子五蠹》：“宋人有耕田者，田中有株，兔也，触柱折颈而死。”","translation":"比喻死守狭隘经验；不知变通；或抱着侥幸心理妄想不劳而获。","pronunciation":"shǒuzhūdàitù"},{"title":"守株待兔","id":"SZDT","album":"战国韩韩非《韩非子五蠹》：“宋人有耕田者，田中有株，兔也，触柱折颈而死。”","translation":"比喻死守狭隘经验；不知变通；或抱着侥幸心理妄想不劳而获。","pronunciation":"shǒuzhūdàitù"},{"title":"亡羊补牢","id":"WYBL","album":"西汉刘向《战国策楚策四》：“见兔而顾犬，未为晚也；亡羊而补牢，未为迟也。”","translation":"羊丢了再去修补羊圈还不算晚。比喻出了问题以后想办法补救可以防止继续受损失。亡：逃亡，丢失；牢：关牲口的圈。","pronunciation":"wángyángbǔláo"},{"title":"引锥刺股","id":"YZCG","album":"《战国策·秦策一》：“（苏秦）读书欲睡，引锥自刺其股。”","translation":"锥：锥子；股：大腿。晚间读书时想睡觉，就用锥子刺自己的大腿，以保持清醒。形容学习勤奋刻苦。","pronunciation":"yǐnzhuīcìgǔ"},{"title":"覆鹿寻蕉","id":"FLXJ","album":"战国郑列御寇《列子周穆王》：“郑人有薪于野者，……，覆之以蕉，不胜其喜。”","translation":"覆：遮盖；蕉：同“樵”，柴。比喻把真事看作梦幻而一再失误。","pronunciation":"fùlùxúnjiāo"},{"title":"犹豫不决","id":"YYBJ","album":"西汉刘向《战国策赵策三》：“平原君犹豫未有所决。”","translation":"犹豫：迟疑。迟疑动摇；拿不定主意。","pronunciation":"yóuyùbùjué"},{"title":"百发百中","id":"BFBZ","album":"西汉刘向《战国策西周策》：“夫射柳叶者，百发百中，而不以善息。”","translation":"百：形容多；发：发射；也指射箭；中：正对上；恰恰合上。①指射箭技术高明；每次都能命中目标。②比喻料事准确；算计高明或做事有充分把握；绝不落空。","pronunciation":"bǎifābǎizhòng"},{"title":"长驱直入","id":"CQZR","album":"明施耐庵《水浒传》第107回：“自此，卢俊义等无后顾之忧，兵马长驱直入。”","translation":"驱：快跑；长驱：策马向很远的目的地前进；直入：不停顿地一直向前。军队以不可阻挡的威势快速地进军。形容进军迅速而顺利。","pronunciation":"chángqūzhírù"},{"title":"朝秦暮楚","id":"CQMC","album":"明毕魏《竹叶舟》：“因见贵戚王恺，富堪敌国，比太仆更觉奢华，为此我心未免朝秦暮楚。”","translation":"早上侍奉秦国；晚上倒向楚国。比喻主意不定；反复无常。","pronunciation":"zhāoqínmùchǔ"},{"title":"朝云暮雨","id":"CYMY","album":"战国·楚·宋玉《高唐赋》：“妾在巫山之阳，高丘之阻，旦为朝云，暮为行雨。朝朝暮暮，阳台之下。”","translation":"暮：傍晚。早上是云，晚上是雨。原指神女的早晚变化，旧时用以喻指男女的欢会。","pronunciation":"zhāoyúnmùyǔ"},{"title":"刺股悬梁","id":"CGXL","album":"西汉刘向《战国策秦策》：“秦读书欲睡，引锥自刺其股。”《太平御览》第363卷引《汉书》：“孙敬字文宝，好学，晨夕不休，及至眠睡疲寝，以绳系头，悬屋梁。”","translation":"刺股：用锥子扎大腿；悬梁：以绳系头；悬屋梁上。用锥子刺大腿；把头发拴在房梁上。","pronunciation":"cìgǔxuánliáng"},{"title":"九死一生","id":"JSYS","album":"战国楚屈原《离骚》：“亦余心之所善兮，虽九死其犹未悔。”唐刘良注：“虽九死无一生，未足悔恨。”","translation":"九：表示次数或多数。形容多次经历生死危险而幸存。比喻情况极其危险。","pronunciation":"jiǔsǐyīshēng"},{"title":"旷日持久","id":"KRCJ","album":"西汉刘向《战国策赵策四》：“今得强赵之兵，以杜燕将，旷日持久数岁，令士大夫余子之力，尽于沟垒。”","translation":"旷：荒废；耽搁；持：持续；拖延。耽搁时日；长期拖延。","pronunciation":"kuàngrìchíjiǔ"},{"title":"米珠薪桂","id":"MZXG","album":"西汉刘向《战国策楚策三》：“楚国之粮贵于玉，薪贵于桂。”","translation":"米贵得象珍珠，柴贵得象桂木。形容物价昂贵，人民生活极其困难。","pronunciation":"mǐzhūxīnguì"},{"title":"南辕北辙","id":"NYBZ","album":"西汉刘向《战国策魏策》：“以广地尊名，王之动愈数，而离王愈远耳。犹至楚而北行。”","translation":"想往南而车子却向北行。比喻行动和目的正好相反。","pronunciation":"nányuánběizhé"},{"title":"摩肩接踵","id":"MJJ","album":"西汉刘向《战国策齐策一》：“临淄之途，车毂击，人肩摩。”","translation":"摩：接触；踵：脚跟。肩挨肩；脚尖连着脚跟。形容人多拥挤；或比喻事物接连不断的出现。","pronunciation":"mójiānjiēzhǒng"},{"title":"排难解纷","id":"PNJF","album":"西汉刘向《战国策赵策三》：“所贵于天下士者，为人排患释难解纷乱而无所取也。”","translation":"排：消除；难：危难；纷：纠纷。排除危难；调解纠纷。现多指调停双方争执；解决纷乱。","pronunciation":"páinànjiěfēn"},{"title":"四分五裂","id":"SFWL","album":"西汉刘向《战国策魏策一》：“魏南与楚而不与齐，则齐攻其东；东与齐而不与赵，则赵攻其北；不合于韩，是韩攻其西；不亲于楚，则楚攻其南；此所谓四分五裂之道也！”","translation":"形容不完整；不集中；不团结；不统一。","pronunciation":"sìfēnwǔliè"},{"title":"同甘共苦","id":"TGGK","album":"西汉刘向《战国策燕策一》：“燕王吊死问生，与百姓同其甘苦。”","translation":"共同享受幸福；共同承担苦难。比喻同欢乐；共患难。甘：甜；苦：苦难。","pronunciation":"tónggāngòngkǔ"},{"title":"瞻前顾后","id":"ZQGH","album":"战国楚屈原《楚辞离骚》：“瞻前而顾后兮，相观民之计极。”","translation":"瞻：向前望；顾：回头看。原形容做事谨慎；考虑周密。现也形容顾虑太多；犹豫不决。","pronunciation":"zhānqiángùhòu"},{"title":"远交近攻","id":"YJJG","album":"西汉刘向《战国策秦策三》：“王不如远交而近攻，得寸则王之寸，得尺亦王之尺也。”","translation":"原指对远方国家联合；对邻近国家攻占的外交策略。后来指利用关系转较远的力量来攻击眼前对手的处世手法。","pronunciation":"yuǎnjiāojìngōng"},{"title":"天崩地坼","id":"TBD","album":"《战国策赵策三》：“天崩地坼，天子下席。”","translation":"崩：倒塌；坼：裂开。象天塌下、地裂开那样。比喻重大的事变。也形容巨大的声响。","pronunciation":"tiānbēngdìchè"},{"title":"纵横捭阖","id":"ZH","album":"汉刘向《战国策序》：“苏秦为从，张仪为横，横则秦帝，从则楚王，所在国重，所去国轻。”《鬼谷子捭阖》：“捭之者，开也，言也，阳也；阖之者，闭也，默也，阴也。”","translation":"战国时策士为推行合纵或连横策略而进行游说的手段。后形容在政治、外交上进行分化瓦解或拉拢的手段。纵横：合纵与连横；捭：开；阖：合。","pronunciation":"zònghéngbǎihé"},{"title":"朝朝暮暮","id":"CCMM","album":"战国·楚·宋玉《高唐赋》：“妾在巫山之阳，高丘之阻，旦为朝云，暮为行雨。朝朝暮暮，阳台之下。”","translation":"从早到晚，天天如此，","pronunciation":"cháocháomùmù"},{"title":"悬梁刺股","id":"XLCG","album":"西汉刘向《战国策秦策一》：“（苏秦）读书欲睡，引锥自刺其股，血流至足。东汉班固《汉书》：“孙敬字文宝，好学，晨夕不休。及至眠睡疲寝，以绳系头，悬屋梁。”","translation":"形容刻苦学习。","pronunciation":"xuánliángcìgǔ"},{"title":"披坚执锐","id":"PJZR","album":"西汉刘向《战国策楚策》：“吾被坚执锐，赴强敌而死，此犹一卒也，不若奔诸侯。”","translation":"披：穿戴；坚：指铠甲；执：拿着；锐：指兵器。穿上坚固的铠甲；拿起锋利的武器。指全副武装或身先士卒之意。","pronunciation":"pījiānzhíruì"},{"title":"桂薪玉粒","id":"GXYL","album":"典出《战国策·楚策三》：苏秦之楚，三日乃得见乎王。谈卒，辞而行。楚王曰：寡人闻先生，若闻古人。今先生乃不远千里而临寡人，曾不肯留，原闻其说。对曰：楚国之食贵於玉，薪贵於桂，谒者难得见如鬼，王难得见如天帝。今令臣食玉炊桂，因鬼见帝。","translation":"典出《战国策·楚策三》：“苏秦之楚，三日乃得见乎王。谈卒，辞而行。楚王曰：‘寡人闻先生，若闻古人。今先生乃不远千里而临寡人，曾不肯留，原闻其说。’对曰：‘楚国之食贵于玉，薪贵于桂，谒者难得见如鬼，王难得见如天帝。今令臣食玉炊桂，因鬼见帝。’”后以“桂薪玉","pronunciation":"guìxīnyùlì"},{"title":"鲁连蹈海","id":"LLDH","album":"明·许时泉《武陵春》：“弃礼义而尚有功，鲁连蹈海；堕名城以杀豪杰，李耳出关。”","translation":"战国时齐国人鲁仲连不满秦王称帝的计划，曾说，秦如称帝，则蹈东海而死。后以“鲁连蹈海”表示宁死而不受强敌屈辱的气节、情操。","pronunciation":"lǔliándǎohǎi"},{"title":"暮雨朝云","id":"MYCY","album":"战国·楚·宋玉《高唐赋》：“妾在巫山之阳，高丘之阻，旦为朝云，暮为行雨。朝朝暮暮，阳台之下。”","translation":"战国楚宋玉《高唐赋》：“昔者先王尝游高唐，怠而昼寝，梦见一妇人，曰：‘妾，巫山之女也，为高唐之客。闻君游高唐，原荐枕席。’王因幸之。去而辞曰：‘妾在巫山之阳，高丘之阻，旦为朝云，暮为行雨，朝朝暮暮，阳台之下。’”后以“暮雨朝云”指男女间的情爱与欢会。","pronunciation":"mùyǔcháoyún"},{"title":"云梦闲情","id":"YMXQ","album":"战国·楚·宋玉《高唐赋》序：“昔者楚襄王与宋玉游于云梦之台，望高唐之观，其上独有云气……王曰：‘何谓朝云？’玉曰：‘昔者先王尝游高唐，怠而昼寝，梦见一妇人，曰：“妾巫山之女也，为高唐之客，闻君游高唐，原荐枕席。”","translation":"战国楚宋玉《高唐赋》序：“昔者楚襄王与宋玉游于云梦之台，望高唐之观，其上独有云气……王问玉曰：‘此何气也？’玉对曰：‘所谓朝云者也。’王曰：‘何谓朝云？’玉曰：‘昔者先王尝游高唐，怠而昼寝，梦见一妇人，曰：“妾巫山之女也，为高唐之客，闻君游高唐，原荐枕席","pronunciation":"yúnmèngxiánqíng"},{"title":"薪桂米珠","id":"XGMZ","album":"西汉·刘向《战国策·楚策三》：“楚国之食贵于玉，薪贵于桂，谒者难得无如鬼，王难见如天帝，令臣食玉炊桂，因鬼见帝。”","translation":"薪：柴草。米贵得像珍珠，柴贵得像桂木。指物价昂贵，人民生活很困难","pronunciation":"xīnguìmǐzhū"},{"title":"奉令承教","id":"FLCJ","album":"战国乐毅《报燕惠王书》：“臣自以为奉令承教，可以幸无罪矣，故受命而不辞。”","translation":"奉：遵从；承：接受。遵从命令，接受指教。指完全按照别人的命令、意图去办事。","pronunciation":"fènglìngchéngjiào"},{"title":"毂击肩摩","id":"JJM","album":"西汉司马迁《史记苏秦列传》：“临葘之涂，车毂击，人肩摩。”","translation":"肩膀和肩膀相摩，车轮和车轮相撞。形容行人车辆往来拥挤。","pronunciation":"gǔjījiānmó"},{"title":"合从连衡","id":"HCLH","album":"《战国策·秦策一》：“约从连横，兵革不藏。”","translation":"从：通“纵”；衡：通“横”。指联合抗敌。","pronunciation":"hézòngliánhéng"},{"title":"鸡口牛后","id":"JKNH","album":"《战国策·韩策》：“臣闻鄙语曰：‘宁为鸡口，无为牛后。’”","translation":"宁愿做小而洁的鸡嘴，而不愿做大而臭的牛肛门。比喻宁在局面小的地方自主，不愿在局面大的地方听人支配。","pronunciation":"jīkǒuniúhòu"},{"title":"蓬头历齿","id":"PTLC","album":"战国楚宋玉《登徒子好色赋》：“其妻蓬头挛耳，齞唇历齿。”","translation":"头发蓬乱，牙齿稀疏。形容人衰老的容貌。","pronunciation":"péngtóulìchǐ"},{"title":"漆身吞炭","id":"QSTT","album":"《战国策·赵策一》：“豫让又漆身为厉，灭须去眉，自刑以变其容。……又吞炭为哑，变其音。”《史记·刺客列传》：“漆身为厉（癞），吞炭为哑，使形状不可知。”","translation":"漆身：身上涂漆为癞；吞炭：喉咙吞炭使哑。指故意变形改音，使人不能认出自己。","pronunciation":"qīshēntūntàn"},{"title":"前倨后恭","id":"QHG","album":"西汉司马迁《史记苏秦列传》：“苏秦笑谓其嫂曰：‘何前倨而后恭也？’”","translation":"先前态度傲慢；后来恭敬有礼。形容前后态度截然不同。","pronunciation":"qiánjùhòugōng"},{"title":"食玉炊桂","id":"SYCG","album":"西汉刘向《战国策楚策三》：“楚国之食贵于玉，薪贵于桂，谒者难得见如鬼，王难得见如天帝。今令臣食玉炊桂，因鬼见帝。”","translation":"食品贵如油，燃料贵如桂。比喻物价昂贵。","pronunciation":"shíyùchuīguì"},{"title":"倚门倚闾","id":"YMY","album":"《战国策·齐策六》：“女朝出而晚来，则吾倚门而望，女暮出而不还，则吾倚闾而望。”","translation":"闾：古代里巷的门。形容父母盼望子女归来的迫切心情。","pronunciation":"yǐményǐlǚ"},{"title":"悲歌击筑","id":"BGJZ","album":"《史记刺客列传》载：战国时，荆轲受燕太子丹托付，入秦刺秦王，太子及朋友们送别于易水，高渐离击筑，荆轲歌“风萧萧兮易水寒，壮士一去兮不复还”，登车不顾而去。","translation":"以之为典，抒写悲壮苍凉的气氛。","pronunciation":"bēigējīzhù"},{"title":"辞金蹈海","id":"CJDH","album":"《史记·鲁仲连邹阳列传》载：战国时，秦军围赵都邯郸，齐人鲁仲连以利害进说赵魏大臣，劝阻尊秦昭王为帝，并表示若秦王为帝，则自己将蹈东海而死。秦军退后，赵平原君以千金谢之，鲁仲连却不受，以为为人排难解纷而取酬，是商贾之事。","translation":"战国时，秦军围赵都邯郸，齐人鲁仲连以利害进说赵魏大臣，劝阻尊秦昭王为帝，并表示若秦王为帝，则自己将蹈东海而死。秦军退后，赵平原君以千金谢之，鲁仲连却不受，以为为人排难解纷而取酬，是商贾之事。见《史记·鲁仲连邹阳列传》。后以“辞金蹈海”比喻不慕富贵，慷慨有","pronunciation":"cíjīndǎohǎi"},{"title":"吞炭漆身","id":"TTQS","album":"战国时，豫让受知于智伯。后，韩、赵、魏三家合力攻杀智伯。豫让为报知遇之恩，矢志复仇。于是漆身为厉，吞炭为哑，改变声音形貌，伺机刺杀赵襄子，事败而死。事见《战国策·赵策一》、《史记·刺客列传》。","translation":"战国时，豫让受知于智伯。后，韩、赵、魏三家合力攻杀智伯。豫让为报知遇之恩，矢志复仇。于是漆身为厉，吞炭为哑，改变声音形貌，伺机刺杀赵襄子，事败而死。事见《战国策·赵策一》、《史记·刺客列传》。后以为忍辱含垢，矢志复仇的典实。","pronunciation":"tūntànqīshēn"},{"title":"郢书燕说","id":"SYS","album":"先秦韩非《韩非子外储说左上》：“郢人有遗燕相国书者，夜书，火不明，因谓持烛者曰：'举烛'，云而过书'举烛'。……燕相白王，王大悦，国以治。治则治矣，非书意也。”","translation":"比喻牵强附会，曲解原意，以讹传讹。","pronunciation":"yǐngshūyànyuè"}]}