{"items":[{"title":"人言可畏","id":"RYKW","album":"《诗经郑风将仲子》：“人之多言，亦可畏也。”","translation":"言：指流言蜚语。人的流言蜚语是可怕的。","pronunciation":"rényánkěwèi"},{"title":"信誓旦旦","id":"XSDD","album":"《诗经卫风氓》：“总角之宴，言笑晏宴，信誓旦旦，不思其反。”","translation":"誓言说的诚恳可信。信誓：表示真诚的誓言；旦旦：明白确实的样子。","pronunciation":"xìnshìdàndàn"},{"title":"忧心忡忡","id":"YX","album":"《诗经召南草虫》：“未见君子，忧心忡忡。”","translation":"忡忡：忧愁不安的样子。心事重重；十分忧愁。","pronunciation":"yōuxīnchōngchōng"},{"title":"自求多福","id":"ZQDF","album":"《诗经·大雅·文王》：“无念尔祖，聿修厥德。永言配命，自求多福。”","translation":"求助自己比求助他人会得到更多的幸福。","pronunciation":"zìqiúduōfú"},{"title":"忧心如焚","id":"YXRF","album":"《诗经小雅节南山》：“节彼南山，维石岩岩，赫赫师尹，民具尔瞻。忧心如焚，不敢戏谈。”","translation":"焚：火烧。忧虑、焦急得心里像火烧一样。形容十分忧愁、焦急。","pronunciation":"yōuxīnrúfén"},{"title":"同仇敌忾","id":"TCD","album":"《诗经秦风无衣》：“与子同仇。”先秦左丘明《左传文公四年》：“诸侯敌王所忾。”","translation":"同仇：共同对敌；敌：对抗，抵拒；忾：愤怒。指全体一致痛恨敌人。","pronunciation":"tóngchóudíkài"},{"title":"哀鸿遍野","id":"AHBY","album":"《诗经小雅鸿雁》：“鸿雁于飞，哀鸣嗷嗷。”","translation":"哀鸿：鸿雁找不到安栖的地方；没有目的地飞着；悲哀地叫着。比喻到处都是呻吟呼号、流离失所的灾民。","pronunciation":"āihóngbiànyě"},{"title":"殷鉴不远","id":"YJBY","album":"先秦孟轲《孟子离娄上》：“殷鉴不远，在夏后之世。”","translation":"殷：指商朝后期；鉴：镜子。指殷商子孙应以夏的灭亡为借戒。后泛指前人的教训就在眼前。","pronunciation":"yīnjiànbùyuǎn"},{"title":"自贻伊戚","id":"ZYQ","album":"《诗经小雅小明》：“心之忧矣，自诒伊戚。”","translation":"贻：遗留；伊：此；戚：忧愁，悲哀。比喻自寻烦恼，自招忧患。","pronunciation":"zìyíyīqī"},{"title":"爱莫能助","id":"AMNZ","album":"明冯梦龙《警世通言王安石三难苏学士》：“荆公开言道：‘子瞻左迁黄州，乃圣上主意，老夫爱莫能助。’”","translation":"爱：一说通“爰”；隐蔽貌；指隐而不见；另说解为同情怜惜。①原意指德之举无形；隐而不见；所以没有人能帮助他。②虽很同情；愿意帮助；但限于力量或条件而无法办到。","pronunciation":"àimònéngzhù"},{"title":"鹊巢鸠占","id":"QCZ","album":"《诗经召南鹊巢》：“维鹊有巢，维鸠居之。”","translation":"斑鸠不会做窠，常强占喜鹊的窠。本指女子出嫁，定居于夫家。后比喻强占别人的住处。","pronunciation":"quècháojiūzhàn"},{"title":"万寿无疆","id":"WSWJ","album":"《诗经豳风七月》：“称彼兕觥，万寿无疆。”","translation":"疆：界限。万年长寿，永远生存。用于祝人长寿。","pronunciation":"wànshòuwújiāng"},{"title":"一日三秋","id":"YRSQ","album":"南朝梁何逊《为衡山侯与妇书》：“路迩人遐，音尘寂绝，一日三秋，不足为喻。”","translation":"一天不见面；就像过了三年。比喻分别时间虽短；却觉得很长。形容思念殷切。","pronunciation":"yīrìsānqiū"},{"title":"坐怀不乱","id":"ZHBL","album":"明兰陵笑笑生《金瓶梅词话》第56回：“人人都说他无行，其实水秀才原是坐怀不乱的。”","translation":"春秋时鲁国的柳下惠将受冻的女子裹于怀中，没有发生非礼行为。形容男子在两性关系方面作风正派。","pronunciation":"zuòhuáibùluàn"},{"title":"爱莫之助","id":"AMZZ","album":"宋陈亮《喻夏卿墓志铭》：“晚虽家事不如初，而亲戚故旧之急难，族人子弟之美事，爱莫之助，每致其惓惓之意，而人人常信之。”","translation":"虽然同情，却限于条件无从帮助","pronunciation":"àimózhīzhù"},{"title":"遇人不淑","id":"YRBS","album":"《诗经王风中谷有蓷》：“有女仳离，条其啸矣。条其啸矣，遇人之不涉淑矣。”","translation":"淑：善，美。指女子嫁了一个品质不好的丈夫。","pronunciation":"yùrénbùshū"},{"title":"筑室道谋","id":"ZSDM","album":"《诗经小雅小旻》：“如彼筑室于道谋，是用不溃于成。”","translation":"自己造房子；却跟过路的人商量。比喻作事没有主见。道：道路；谋：咨询；商量。","pronunciation":"zhùshìdàomóu"},{"title":"不可救药","id":"BKJY","album":"《诗经大雅板》：“多将熇熇，不可救药。”孔颖达疏：“多行惨酷毒害之恶，熇熇然使恶加于民，不可救止而药治之。”","translation":"药：用药治疗。病重得没法医治。比喻人或事物坏到了无法挽救的地步。也作“无可救药”。","pronunciation":"bùkějiùyào"},{"title":"不可救药","id":"BKJY","album":"《诗经大雅板》：“多将熇熇，不可救药。”孔颖达疏：“多行惨酷毒害之恶，熇熇然使恶加于民，不可救止而药治之。”","translation":"药：用药治疗。病重得没法医治。比喻人或事物坏到了无法挽救的地步。也作“无可救药”。","pronunciation":"bùkějiùyào"},{"title":"绰绰有余","id":"CCYY","album":"清郑观应《盛世危言防边上》：“崇山峻岭所在俱有，诚使其险要，多筑土垒，则进攻退守，绰绰有余。”","translation":"绰绰：宽裕的样子。形容人、物、财、能力等很宽裕；用不完。也作“绰绰有余”、“绰有宽裕”。","pronunciation":"chuòchuòyǒuyú"},{"title":"赫赫有名","id":"HHYM","album":"晋常璩《华阳国志先贤士女》：“临州郡虽无赫赫之名，及去，民思之。”","translation":"赫赫：显著盛大的样子。形容名声极大。也作“赫赫之名”。","pronunciation":"hèhèyǒumíng"},{"title":"天作之合","id":"TZZH","album":"《诗经大雅大明》：“文王初载，天作之合。”","translation":"上天做主成全的男女结合。形容婚姻美满称心。也可用来指自然形成的聚合或天然的搭配的亲密关系。","pronunciation":"tiānzuòzhīhé"},{"title":"小心翼翼","id":"XXYY","album":"《诗经大雅大明》：“维此文王，小心翼翼。”","translation":"谨慎小心；一点不敢疏忽。翼翼：恭敬慎重的样子。","pronunciation":"xiǎoxīnyìyì"},{"title":"惴惴不安","id":"BA","album":"《诗经小雅小宛》：“惴惴小心，如临于谷。”","translation":"指担心害怕（惴惴：恐惧、担忧的样子）。","pronunciation":"zhuìzhuìbùān"},{"title":"匪石之心","id":"FSZX","album":"《诗经邶风柏舟》：“我心匪石，不可转也。”","translation":"比喻坚贞不渝","pronunciation":"fěishízhīxīn"},{"title":"干城之将","id":"GCZJ","album":"《诗经·周南·兔罝》：“纠纠武夫，公侯干城。”《孔丛子·居卫》：“今君处战国之世，选爪牙之士，而以二卵焉弃干城之将，此不可使闻于邻国者也。”","translation":"干城：盾牌和城墙，比喻捍卫者。指保卫国家的大将。","pronunciation":"gānchéngzhījiàng"},{"title":"故宫禾黍","id":"GGHS","album":"《诗经王风黍离序》：“周大夫行役，至于宗周，过宗庙宫室，尽为禾黍，闵周室之颠覆。”","translation":"比喻怀念祖国的情思。","pronunciation":"gùgōnghéshǔ"},{"title":"作舍道边","id":"ZSDB","album":"《诗经小雅小旻》：“如彼筑室于道谋，是用不溃于成。”","translation":"在路旁筑室，和过路人商量。比喻各有各的说法，事情没法做成功。","pronunciation":"zuòshědàobiān"},{"title":"甘棠之爱","id":"GTZA","album":"《诗经召南甘棠》：“蔽芾甘棠，勿剪勿伐，召伯所茇。”","translation":"甘棠：木名，即棠梨。指对官吏的爱戴。","pronunciation":"gāntángzhīài"},{"title":"自诒伊戚","id":"ZYQ","album":"《诗经小雅小明》：“心之忧矣，自诒伊戚。”《左传宣公二年》：“乌呼，我之怀矣，自诒伊戚，其我之谓矣。”","translation":"自寻烦恼；自招灾殃。","pronunciation":"zìyíyīqī"},{"title":"出口成章","id":"CKCZ","album":"西汉司马迁《史记滑稽列传褚少孙论》引北魏崔浩曰：“言出口成章，词不穷竭，若滑稽之吐酒。”","translation":"章：篇章。话出口就能成文章。形容口才好或文思敏捷。也作“出言有章”、“脱口成章”、“出言成章”。","pronunciation":"chūkǒuchéngzhāng"},{"title":"甘棠遗爱","id":"GTYA","album":"唐刘禹锡《答衢州徐使君》诗：“闻道天台有遗爱，人将琪树比甘棠。”","translation":"甘棠：木名，即棠梨；遗：留；爱：恩惠恩泽。旧时颂扬离去的地方官。","pronunciation":"gāntángyíài"},{"title":"未雨绸缪","id":"WYC","album":"《诗经豳风鸱鸮》：“迨天之未阴雨，彻彼桑土，绸缪牖户。”","translation":"绸缪：修缮房屋。在没有下雨前；就要修缮好门窗。比喻事先作好准备；防患未然。","pronunciation":"wèiyǔchóumóu"},{"title":"抱布贸丝","id":"BBMS","album":"《诗经卫风氓》：“氓之蚩蚩，抱布贸丝。”","translation":"布：古代一种货币；贸：买卖。带了钱，来买丝。借指和女子接近。亦指进行商品交易。","pronunciation":"bàobùmàosī"},{"title":"辗转反侧","id":"ZZFC","album":"《诗经周南关雎》：“悠哉悠哉，辗转反侧。”","translation":"翻来复去；睡不着觉。形容心事重重。","pronunciation":"zhǎnzhuǎnfǎncè"},{"title":"毕恭毕敬","id":"BGBJ","album":"郭沫若《洪波曲》第十章五：“军长为李玉堂，一山东大汉，抵军部时，在门外相迎，毕恭毕敬。”","translation":"形容十分恭敬的样子","pronunciation":"bìgōngbìjìng"},{"title":"兢兢业业","id":"JJYY","album":"《诗经大雅云汉》：“早既大甚，则不可推。兢兢业业，如霆如雷。”","translation":"兢兢：小心谨慎的样子；业业：担心害怕的样子。形容做事小心谨慎；认真踏实。","pronunciation":"jīngjīngyèyè"},{"title":"必恭必敬","id":"BGBJ","album":"《诗经小雅小弁》：“维桑与梓，必恭敬止。”","translation":"必：一定；十分；恭：有礼貌；敬：尊敬；有礼貌地对待。形容态度神情十分恭敬谦逊；也作“毕恭毕敬”。","pronunciation":"bìgōngbìjìng"},{"title":"不稂不莠","id":"BB","album":"《诗经小雅大田》：“既坚既好，不稂不莠。”朱熹集传：“稂，童粱；莠，似苗。皆害苗之草也。”","translation":"稂：狼尾草；莠：狗尾草。本指禾苗中中无野草。后比喻人不成才，没出息。","pronunciation":"bùlángbùyǒu"},{"title":"惩前毖后","id":"CQBH","album":"《诗经周讼小毖》：“予其惩而毖后患。”","translation":"惩：警戒：毖：谨慎；小心。吸取过去失败的教训；以后小心；不致重犯错误。","pronunciation":"chéngqiánbìhòu"},{"title":"如兄如弟","id":"RXRD","album":"《诗经邶风谷风》：“宴尔新婚，如兄如弟。”","translation":"情如兄弟。比喻彼此感情好，关系密切。","pronunciation":"rúxiōngrúdì"},{"title":"天高地厚","id":"TGDH","album":"《诗经小雅正月》：“谓天盖高，不敢不局；谓地盖厚，不敢不脊。”","translation":"原形容天地的广大，后形容恩德极深厚。也比喻事情的艰巨、严重，关系的重大。","pronunciation":"tiāngāodìhòu"},{"title":"临深履薄","id":"LSLB","album":"《诗经小雅小旻》：“战战兢兢，如临深渊，如履薄冰。”","translation":"履：践；踏。面临深渊；脚踩薄冰。形容战战兢兢；小心翼翼；唯恐稍一不慎就出问题。","pronunciation":"línshēnlǚbó"},{"title":"暴虎冯河","id":"BHFH","album":"先秦孔子《论语述而》：“暴虎冯河，死而无悔者，吾不与也。”","translation":"暴虎：空手打虎；冯河：徒步过河。徒手和虎搏斗；蹚水过大河。比喻勇猛果敢。","pronunciation":"bàohǔpínghé"},{"title":"匪石匪席","id":"FSFX","album":"《诗经·邶风·柏舟》：“我心匪石，不可转也；我心匪席，不可卷也。”","translation":"不是石，不是席。意为石可转而心不可转，席可卷而心不可卷。比喻意志坚定，永不变心。","pronunciation":"fěishífěixí"},{"title":"黍离麦秀","id":"SLMX","album":"《诗经·王风·黍离》：“彼黍离离，彼稷之苗。行迈靡磨，中心摇摇。”《史记·宋微子世家》：“麦秀渐渐兮，禾黍油油。彼狡僮兮，不与我好兮。”","translation":"哀伤亡国之辞。","pronunciation":"shǔlímàixiù"}]}