{
    "items": [
        {
            "title": "一年级上册"
        },
        {
            "title": "一年级下册"
        },
        {
            "title": "二年级上册"
        },
        {
            "title": "二年级下册"
        },
        {
            "title": "三年级上册"
        },
        {
            "title": "三年级下册"
        },
        {
            "title": "四年级上册"
        },
        {
            "title": "四年级下册"
        },
        {
            "title": "五年级上册"
        },
        {
            "title": "五年级下册"
        }
    ]
}