{
    "items": [
        {
            "detail": "天地人你我他",
            "title": " 天地人"
        },
        {
            "detail": "一二三四五上下",
            "title": " 金木水火土"
        },
        {
            "detail": "口耳目手足站坐",
            "title": " 口耳目"
        },
        {
            "detail": "日月水火山石田禾",
            "title": " 日月水火"
        },
        {
            "detail": "对云雨风花鸟",
            "title": " 对韵歌"
        },
        {
            "detail": "对云雨风花鸟虫",
            "title": "语文园地一"
        },
        {
            "detail": "六七八九十",
            "title": " b p m f"
        },
        {
            "detail": "爸妈",
            "title": " d t n l"
        },
        {
            "detail": "马土不",
            "title": " g k h"
        },
        {
            "detail": "画打",
            "title": " j q x"
        },
        {
            "detail": "棋鸡",
            "title": " z c s"
        },
        {
            "detail": "字词语句子",
            "title": " zh ch sh"
        },
        {
            "detail": "桌纸",
            "title": "语文园地二"
        },
        {
            "detail": "文数学音乐",
            "title": " ai ei ui"
        },
        {
            "detail": "妹奶白皮",
            "title": " ao ou iu"
        },
        {
            "detail": "小桥台",
            "title": " ie üe er"
        },
        {
            "detail": "雪儿",
            "title": " an en in un ün"
        },
        {
            "detail": "草家是",
            "title": " ang eng ing ong"
        },
        {
            "detail": "车羊走也",
            "title": " 秋天"
        },
        {
            "detail": "秋气了树叶片大飞会个",
            "title": " 小小的船"
        },
        {
            "detail": "的船两头在里看见闪星",
            "title": " 江南"
        },
        {
            "detail": "江南可采莲鱼东西北",
            "title": " 四季"
        },
        {
            "detail": "尖说春青蛙夏弯地就冬",
            "title": "语文园地四"
        },
        {
            "detail": "男女开关正反",
            "title": " 画"
        },
        {
            "detail": "远有色近听无声去还来",
            "title": " 大小多少"
        },
        {
            "detail": "多少黄牛只猫边鸭苹果杏桃",
            "title": " 小书包"
        }
    ]
}