{
    "items": [
        {
            "detail": "徐篱疏杂锄剥",
            "title": " 古诗词三首"
        },
        {
            "detail": "构芍冠朴素率倘附捣绘谐",
            "title": " 乡下人家"
        },
        {
            "detail": "慰籍瞥",
            "title": " 天窗"
        },
        {
            "detail": "绮和谈",
            "title": "* 三月桃花水"
        },
        {
            "detail": "琥珀嗡脂拭渗俯番埋澎湃",
            "title": " 琥珀"
        },
        {
            "detail": "琥珀嗡脂拭渗俯番埋澎湃",
            "title": " 飞向蓝天的恐龙"
        },
        {
            "detail": "钝仅描隧衍吨斤颅膨捷栖辟崭",
            "title": " 纳米技术就在我们身边"
        },
        {
            "detail": "乒乓拥杀菌臭蔬碳癌症率疾灶",
            "title": " 千年梦圆在今朝"
        },
        {
            "detail": "岳湘贰叁柒壹捌玖",
            "title": "语文园地"
        },
        {
            "detail": "漫涛",
            "title": " 短诗三首"
        },
        {
            "detail": "漫涛",
            "title": " 绿"
        },
        {
            "detail": "挤叉",
            "title": " 白桦"
        },
        {
            "detail": "绣潇绽朦胧晖徜徉姗",
            "title": "* 在天晴了的时候"
        },
        {
            "detail": "虑职屏蹭稿腔殃折",
            "title": " 猫"
        },
        {
            "detail": "疙瘩侮恶撮聋雏啄伏哼啼凄",
            "title": " 母鸡"
        },
        {
            "detail": "郑看嚣吠促颇奢侈苟侍窥伺供",
            "title": " 白鹅"
        },
        {
            "detail": "肝秆俏峭浦哺轴届",
            "title": " 海上日出"
        }
    ]
}