{
    "items": [
        {
            "detail": "莺拂堤柳醉咏妆丝绦裁剪",
            "title": " 古诗二首"
        },
        {
            "detail": "脱袄寻羞姑遮掩探嫩符解触杜鹃",
            "title": " 找春天"
        },
        {
            "detail": "",
            "title": " 开满鲜花的小路"
        },
        {
            "detail": "邮递裹寄局堆破漏懊丧啊猬绚籽礼",
            "title": " 邓小平爷爷植树"
        },
        {
            "detail": "亭咨询剧管理宝塔餐厅",
            "title": "语文园地一"
        },
        {
            "detail": "",
            "title": " 雷锋叔叔，你在哪里"
        },
        {
            "detail": "曾蒙泞顺迈踏荆棘瓣莹觅需献",
            "title": " 千人糕"
        },
        {
            "detail": "糕特嘛买粉糖蔗汁菜熬算销劳的确应",
            "title": " 一匹出色的马"
        },
        {
            "detail": "郊泛波纹葱软毯异恋舍求株拾骑跨",
            "title": "语文园地二"
        },
        {
            "detail": "程魔术建筑演营务判饲养",
            "title": " 神州谣"
        },
        {
            "detail": "峡与陆谊浓齐奋繁荣",
            "title": " 传统节日"
        },
        {
            "detail": "传统贴宵巷祭舟艾堂乞巧郎饼赏菊",
            "title": "“贝”的故事"
        },
        {
            "detail": "甲骨类漂珍饰品随易损币财赚赔购贫",
            "title": " 中国美食"
        },
        {
            "detail": "菠煎腐茄烤煮爆炖蘑菇蒸饺炸酱粥蛋",
            "title": "语文园地三"
        },
        {
            "detail": "津溜辣乎喷腻绵脆邦",
            "title": " 彩色的梦"
        },
        {
            "detail": "盒聊坪郁囱般精叮咛",
            "title": " 枫树上的喜鹊"
        }
    ]
}