{
    "items": [
        {
            "detail": "醋饺拌擦眨宵旦燃戚贩摊轿骆驼浒",
            "title": " 北京的春节"
        },
        {
            "detail": "腊粥腻栗咽匙灌搅稠嘟熬褐缸脏筷",
            "title": " 腊八粥"
        },
        {
            "detail": "灌搅稠嘟熬褐缸脏筷",
            "title": " 古诗三首"
        },
        {
            "detail": "宫侯素章盈脉栖鸦",
            "title": " 鲁滨逊漂流记（节选）"
        },
        {
            "detail": "藏挪徘徊蒸",
            "title": " 匆匆"
        },
        {
            "detail": "媚蚁叨绊谅耽揉绽惆怅搓惶",
            "title": " 那个星期天"
        },
        {
            "detail": "阀避屉僻瞅靴",
            "title": " 十六年前的回忆"
        },
        {
            "detail": "阀避屉僻瞅靴魔刑哼砖执绞",
            "title": " 为人民服务"
        },
        {
            "detail": "革彻迁泰迫批鼎标牺炊",
            "title": " 文言文二则"
        },
        {
            "detail": "脆拦怖蟋蟀",
            "title": " 表里的生物"
        },
        {
            "detail": "",
            "title": " 真理诞生于一百个问号之后"
        }
    ]
}