{
    "items": [
        {
            "detail": "坝汉艳扮扬读摔跤凤洁",
            "title": " 大青树下的小学"
        },
        {
            "detail": "荒笛罚假裳",
            "title": " 花的学校"
        },
        {
            "detail": "背诵例圈段练糊涂呆戒厉挨",
            "title": "* 不懂就要问"
        },
        {
            "detail": "背诵例圈段练糊涂呆戒厉挨楚",
            "title": " 古诗三首"
        },
        {
            "detail": "径斜赠刘残犹傲君橙橘挑",
            "title": " 铺满金鱼巴掌的水泥道"
        },
        {
            "detail": "洼印凌增棕靴",
            "title": " 秋天的雨"
        },
        {
            "detail": "钥匙缤枚争勾喇叭厚曲丰",
            "title": "* 听听，秋的声音"
        },
        {
            "detail": "抖蟋蟀振韵掠吟辽阔",
            "title": " 去年的树"
        },
        {
            "detail": "融伐斧锯切煤燃",
            "title": "* 那一定会很好"
        },
        {
            "detail": "缩努茎推吱拆旧",
            "title": " 在牛肚子里旅行"
        },
        {
            "detail": "咱偷答应卷骨齿嚼吞胃悲咽几泪眯",
            "title": "* 一块奶酪"
        },
        {
            "detail": "宣处诱舔毅强犯禁稍豫跺聚",
            "title": "语文园地"
        },
        {
            "detail": "申介绍宗乙召孝",
            "title": " 总也倒不了的老屋"
        },
        {
            "detail": "暴凑喵孵叽饿偶尔",
            "title": "* 胡萝卜先生的长胡子"
        },
        {
            "detail": "萝卜愁沾晾",
            "title": "* 不会叫的狗"
        },
        {
            "detail": "典基础阁佳盲唐",
            "title": " 搭船的鸟"
        },
        {
            "detail": "父啦鹦鹉悄",
            "title": " 金色的草地"
        }
    ]
}