{
    "items": [
        {
            "detail": "毯陈裳虹蹄腐羞涩徽",
            "title": " 草原"
        },
        {
            "detail": "缀幽雅案拙薄糊恍",
            "title": " 丁香结"
        },
        {
            "detail": "德鹊蝉",
            "title": " 古诗词三首"
        },
        {
            "detail": "崖渡",
            "title": " 七律·长征"
        },
        {
            "detail": "寇冀副榴抡贯棋悬沸涧雹叽屹悦屈",
            "title": " 狼牙山五壮士"
        },
        {
            "detail": "寇冀副榴抡贯棋悬沸涧雹叽屹悦屈",
            "title": " 开国大典"
        },
        {
            "detail": "盏栏汇爆泽渠宣帜阅制坦距隆",
            "title": " 竹节人"
        },
        {
            "detail": "豁凛疙瘩卡棍悟裁筹橡雕磕跺颓沮趴",
            "title": " 宇宙生命之谜"
        },
        {
            "detail": "咆哮嗓党淌哑揪呻废",
            "title": " 桥"
        },
        {
            "detail": "汹涌澎湃溅熄",
            "title": " 穷人"
        },
        {
            "detail": "汹涌澎湃溅熄困唉淋嘿糟霉嘛喃皱勺",
            "title": " 夏天里的成长"
        },
        {
            "detail": "棚蔓苞蕾苔藓坪蔗瀑缝谚",
            "title": " 盼"
        },
        {
            "detail": "袖篷缩疯瓦墩甩嚷吱蒜酱炖唇蹦梯",
            "title": " 古诗三首"
        },
        {
            "detail": "簸涯",
            "title": " 只有一个地球"
        },
        {
            "detail": "莹裹篮蔼资慷慨贡滥基睹",
            "title": " 文言文二则"
        },
        {
            "detail": "谱莱茵盲纯键霎缕陶",
            "title": " 月光曲"
        },
        {
            "detail": "胯郑拜厨毡撒缚猬伶俐窜",
            "title": " 少年闰土"
        },
        {
            "detail": "胯郑拜厨毡撒缚猬伶俐窜",
            "title": " 好的故事"
        }
    ]
}