{
    "items": [
        {
            "detail": "鸳鸯惠崇豚减",
            "title": " 古诗三首"
        },
        {
            "detail": "伶俐掠翼沾圈漾倦闲散纤杆痕",
            "title": " 燕子"
        },
        {
            "detail": "蓬骨胀仿佛翩",
            "title": " 荷花"
        },
        {
            "detail": "蓬骨胀仿佛翩",
            "title": "* 昆虫备忘录"
        },
        {
            "detail": "昆录凡距款绸膜瞎益",
            "title": "语文园地"
        },
        {
            "detail": "援掷捞缚缭络资贡贷",
            "title": " 守株待兔"
        },
        {
            "detail": "待宋释冀",
            "title": " 陶罐和铁罐"
        },
        {
            "detail": "狮称禁皱配怨逼撒挣",
            "title": " 鹿角和鹿腿"
        },
        {
            "detail": "滔涯妇碌遵循尊应验",
            "title": "* 池子与河流"
        },
        {
            "detail": "屠苏魂酒牧兄",
            "title": " 纸的发明"
        },
        {
            "detail": "创携蔡伦鲜欧洲社",
            "title": " 赵州桥"
        },
        {
            "detail": "县拱济匠计横史爪智慧历",
            "title": "* 一幅名扬中外的画"
        },
        {
            "detail": "税疫咖啡寓废贸",
            "title": " 花钟"
        },
        {
            "detail": "芬芳内醒燥灼适雅吻组",
            "title": " 蜜蜂"
        },
        {
            "detail": "概阻括误逆途陌超",
            "title": "* 小虾"
        },
        {
            "detail": "缸隙掀背逐末副钳搏较腹",
            "title": " 小真的长头发"
        },
        {
            "detail": "唯碍系",
            "title": " 我变成了一棵树"
        }
    ]
}