{
    "items": [
        {
            "detail": "盐屹昂顿鼎沸贯浩崩震霎余",
            "title": " 观潮"
        },
        {
            "detail": "鹅卵俗跃穗镀烁",
            "title": " 走月亮"
        },
        {
            "detail": "巢苇罗眠霸占",
            "title": "* 现代诗二首"
        },
        {
            "detail": "巢苇罗眠霸占",
            "title": "* 繁星"
        },
        {
            "detail": "昧坠怀",
            "title": " 一个豆荚里的五粒豆"
        },
        {
            "detail": "荚豌按僵苔囚框溢",
            "title": " 蝙蝠和雷达"
        },
        {
            "detail": "蝙蝠启即锐系铛蝇证揭障荧屏",
            "title": " 呼凤唤雨的世纪"
        },
        {
            "detail": "唤技获赖潜亿索奥舶质哲兰",
            "title": "* 蝴蝶的家"
        },
        {
            "detail": "避撼喧素污雀炊檐",
            "title": "语文园地"
        },
        {
            "detail": "驻蛀拄捐娟绢苞雹鲍",
            "title": " 古诗三首"
        },
        {
            "detail": "暮瑟缘降骚逊输",
            "title": " 爬山虎的脚"
        },
        {
            "detail": "均柄蜗曲萎",
            "title": " 蟋蟀的住宅"
        },
        {
            "detail": "宅隐毫慎址良掘搜倾骤置抛",
            "title": " 盘古开天地"
        },
        {
            "detail": "劈浊丈隆肢躯液",
            "title": " 精卫填海"
        },
        {
            "detail": "帝少曰溺返堙",
            "title": " 普罗米修斯"
        },
        {
            "detail": "斯惨败惩佩恕坚锁遭恶愤",
            "title": "* 女娲补天"
        },
        {
            "detail": "圃卉蕊玫茉莉牡丹棠",
            "title": " 风筝"
        },
        {
            "detail": "憧憬歇埂",
            "title": " 麻雀"
        },
        {
            "detail": "嗅奈煞拯嘶哑庞",
            "title": " 牛和鹅"
        }
    ]
}