{
    "items": [
        {
            "detail": "塘脑袋灰哇教捕迎阿姨宽龟顶披鼓",
            "title": " 小蝌蚪找妈妈"
        },
        {
            "detail": "晒极傍越滴溪奔洋坏淹没冲毁屋猜",
            "title": " 我是什么"
        },
        {
            "detail": "奔洋坏淹没冲毁屋猜",
            "title": " 植物妈妈有办法"
        },
        {
            "detail": "植如为旅靠备纷刺底炸离察识粗得",
            "title": "语文园地一"
        },
        {
            "detail": "滩艘军舰帆稻园孔翠队铜号",
            "title": " 场景歌"
        },
        {
            "detail": "梧桐掌枫松柏",
            "title": " 树之歌"
        },
        {
            "detail": "梧桐掌枫松柏装桦耐守疆银杉化桂",
            "title": " 拍手歌"
        },
        {
            "detail": "季蝴蝶麦苗嫩桑肥农归戴场谷粒虽辛苦了",
            "title": " 田家四季歌"
        },
        {
            "detail": "谷粒虽辛苦了",
            "title": "语文园地二"
        },
        {
            "detail": "葡萄紫狐狸笨酸",
            "title": " 曹冲称象"
        },
        {
            "detail": "曹称员根柱议论重杆秤砍线止量",
            "title": " 玲玲的画"
        },
        {
            "detail": "玲详幅评奖催叭脏报另及懒并糟肯",
            "title": " 一封信"
        },
        {
            "detail": "封削锅朝刮胡灯修冷肩团重完期结束鲜",
            "title": " 妈妈睡了"
        },
        {
            "detail": "弹钢琴捏泥滚铁环荡滑梯",
            "title": "语文园地三"
        },
        {
            "detail": "楼依尽欲穷层",
            "title": " 古诗二首"
        },
        {
            "detail": "楼依尽欲穷层瀑布炉烟遥川",
            "title": " 黄山奇石"
        }
    ]
}