{
    "items": [
        {
            "detail": "鹭嫌黛嵌匣嗜",
            "title": " 白鹭"
        },
        {
            "detail": "亩吩榨便榴矮",
            "title": " 落花生"
        },
        {
            "detail": "箩杭",
            "title": " 桂花雨"
        },
        {
            "detail": "",
            "title": "* 珍珠鸟"
        },
        {
            "detail": "蔓幽悉雏哟柜享陪待趴睑眸",
            "title": " 搭石"
        },
        {
            "detail": "汛间谴惰衡协绰",
            "title": " 将相和"
        },
        {
            "detail": "璧臣蔺强诺划罪廉抵御辞辱擅卿削袍",
            "title": " 什么比猎豹的速度更快"
        },
        {
            "detail": "鸵赢冠瀚",
            "title": " 冀中的地道战"
        },
        {
            "detail": "侵略垒任丘搁陷拐岔",
            "title": " 猎人海力布"
        },
        {
            "detail": "酬誓谎牺",
            "title": " 牛郎织女（一）"
        },
        {
            "detail": "嫂恳筛歹罕梭狱酿瞌拘落",
            "title": "* 牛郎织女（二）"
        },
        {
            "detail": "俭皇偎衰泰珊瑚礁筐拗",
            "title": " 古诗三首"
        },
        {
            "detail": "乃熏亥恃擞",
            "title": " 少年中国说（节选）"
        },
        {
            "detail": "泻鳞惶胎履哉",
            "title": " 圆明园的毁灭"
        },
        {
            "detail": "估煌殿珑剔澜陵宏奉烬",
            "title": " 小岛"
        },
        {
            "detail": "域艇矛盾筷炊哼喉咙勺搅舀",
            "title": " 太阳"
        },
        {
            "detail": "驯矫歇杈藓狭勉锥",
            "title": " 松鼠"
        },
        {
            "detail": "魄抑颓纫噪褐惫耽兜龟权",
            "title": " 慈母情深"
        },
        {
            "detail": "茧栈冤枉惚跷僻迪嫁缴榜兼嘲枕",
            "title": " 父爱之舟"
        },
        {
            "detail": "誊励篇版祥歧",
            "title": "* “精彩极了”和“糟糕透了”"
        }
    ]
}