{
    "items": [
        {
            "detail": "昼耘供稚磬陂漪",
            "title": " 古诗三首"
        },
        {
            "detail": "蚱晃啃樱蚌割嘟倭啰逛",
            "title": " 祖父的园子"
        },
        {
            "detail": "渺篝萌澄澈旖",
            "title": "* 月是故乡明"
        },
        {
            "detail": "渺篝萌澄澈旖旎瑞莱垠顷峨燕缀",
            "title": "* 梅花魂"
        },
        {
            "detail": "瑜忌督幔翎寨擂呐弩丞",
            "title": " 草船借箭"
        },
        {
            "detail": "筷恰谋勿诡跟跄蹿胯霹雳抡",
            "title": " 景阳冈"
        },
        {
            "detail": "芝遂迸涧獐猕猿耶挈瞑窍碣楷镌挠劣呵",
            "title": "* 猴王出世"
        },
        {
            "detail": "猿耶挈瞑窍碣楷镌挠劣呵",
            "title": "* 红楼春趣"
        },
        {
            "detail": "渭仞",
            "title": " 军神"
        },
        {
            "detail": "彭拟赴殊踌躇黯革",
            "title": " 青山处处埋忠骨"
        },
        {
            "detail": "黯革",
            "title": "* 清贫"
        },
        {
            "detail": "筹矜俘镯吓裆企彼褂坞",
            "title": " 人物描写一组"
        },
        {
            "detail": "墩搂绊揪扳腕铸颧疤监侄痰揩",
            "title": " 刷子李"
        },
        {
            "detail": "浆傅袱蘸馅诈怔",
            "title": " 自相矛盾"
        },
        {
            "detail": "吾弗夫",
            "title": " 田忌赛马"
        },
        {
            "detail": "殡讥讽蔑锣",
            "title": " 跳水"
        },
        {
            "detail": "肆桅撕唬龇咧瞄",
            "title": " 威尼斯的小艇"
        },
        {
            "detail": "尼艄翘姆祷雇哗",
            "title": " 牧场之国"
        }
    ]
}