{
    "items": [
        {
            "detail": "霜吹落降飘游池入",
            "title": " 春夏秋冬"
        },
        {
            "detail": "姓氏李张古吴赵钱孙周王官",
            "title": " 姓氏歌"
        },
        {
            "detail": "清晴眼睛保护",
            "title": " 小青蛙"
        },
        {
            "detail": "清晴眼睛保护害事情请让病",
            "title": " 猜字谜"
        },
        {
            "detail": "相遇喜欢怕言互令动万纯净",
            "title": "语文园地一"
        },
        {
            "detail": "阴雷电阵冰冻夹",
            "title": " 吃水不忘挖井人"
        },
        {
            "detail": "想告诉路京安门广非常壮观",
            "title": " 我多想去看看"
        },
        {
            "detail": "接觉再做各种",
            "title": " 一个接一个"
        },
        {
            "detail": "接觉再做各种样梦伙伴却趣这",
            "title": " 四个太阳"
        },
        {
            "detail": "太阳道送忙尝香甜温暖该颜因",
            "title": "语文园地二"
        },
        {
            "detail": "辆匹册支铅棵架",
            "title": " 小公鸡和小鸭子"
        },
        {
            "detail": "只窝孤单种都邻居招呼静乐",
            "title": " 树和喜鹊"
        },
        {
            "detail": "怎独跳绳讲得",
            "title": " 怎么都快乐"
        },
        {
            "detail": "怎独跳绳讲得羽球戏排篮连运",
            "title": " 静夜思"
        },
        {
            "detail": "夜思床光疑举望低故",
            "title": " 夜色"
        },
        {
            "detail": "胆敢往外勇窗乱偏散原像微",
            "title": " 端午粽"
        },
        {
            "detail": "端粽节总米间分豆肉带知据念",
            "title": " 彩虹"
        },
        {
            "detail": "虹座浇提洒挑兴镜拿照千裙",
            "title": "语文园地四"
        }
    ]
}