{"items":[{"title":"安家乐业","id":"AJLY","album":"东汉班固《汉书谷永传》：“薄收赋税，毋殚民财，使天下梨元咸安家乐业。”","translation":"安定地生活，愉快地从事其职业","pronunciation":"ānjiālèyè"},{"title":"安居乐业","id":"AJLY","album":"东汉班固《汉书货殖传序》：“各安其居而乐其业，甘其食而美其服。”","translation":"安：安定；乐：喜爱；愉快；业：职业。安定地住在一地；愉快地从事自己的职业；形容社会治理得好；生活、生产、思想状况安于正常。","pronunciation":"ānjūlèyè"},{"title":"安生乐业","id":"ASLY","album":"《汉书严助传》：“使元元之民安生乐业，则泽被万世，传之子孙，使之无穷。”","translation":"犹安居乐业。指安定愉快地生活和劳动。","pronunciation":"ānshēnglèyè"},{"title":"安土乐业","id":"ATLY","album":"汉扬雄《连珠》：“吏不苟暴，役赋不重，财力不伤，安土乐业，民之乐也。”","translation":"安居本土，愉快地从事自己的职业。","pronunciation":"āntǔlèyè"},{"title":"安心乐业","id":"AXLY","album":"《红楼梦》第六八回：“那二姐得了这个所在，以见园里姐妹个个相好，倒也安心乐业的，自为得所。”","translation":"指心绪安定，生活愉快。","pronunciation":"ānxīnlèyè"},{"title":"不欢而散","id":"BHES","album":"明冯梦龙《醒世恒言》：“众客咸不欢而散。”","translation":"欢：高兴；愉快；散：分开；分手。很不愉快地分手。","pronunciation":"bùhuānérsàn"},{"title":"春风满面","id":"CFMM","album":"元无名氏《九世同居》第四折：“春风满面乐醄醄，一声长笑海山高。”","translation":"春风：比喻笑容。形容情绪愉快；满脸高兴的样子。也作“满面春风”。","pronunciation":"chūnfēngmǎnmiàn"},{"title":"怫然不悦","id":"RBY","album":"","translation":"怫然：忧愁或愤怒的样子；悦：愉快，高兴。愤怒，很不愉快。","pronunciation":"fúránbùyuè"},{"title":"欢聚一堂","id":"HJYT","album":"邓小平《在中国文学艺术工作者第四次代表大会上的祝词》：“今天，我国各民族的文学家、戏剧家、美术家、音乐家……文艺工作者的代表欢聚一堂。”","translation":"欢乐地聚集在一起。","pronunciation":"huānjùyītáng"},{"title":"和颜悦色","id":"HYYS","album":"先秦孔子《论语为政》：“子夏问孝，子曰：‘色难。’”汉郑玄注：“言和颜悦色为难也。”","translation":"颜：面容；悦色：高兴的脸色。指温和高兴的脸色。","pronunciation":"héyányuèsè"},{"title":"旧愁新恨","id":"JCXH","album":"南唐冯延巳《采桑子》词：“旧愁新恨知多少，目断遥天，独立花前，更听笙歌满画船。”","translation":"愁：愁苦；恨：遗憾。原有的愁苦；新增的遗憾。形容不愉快的事相继而来。","pronunciation":"jiùchóuxīnhèn"},{"title":"霁风朗月","id":"FLY","album":"柯灵《序言》：“1962年春，曾有过一度愉快的促膝长谈。那时政治上正好有一段霁风朗月的日子。”","translation":"和风明月，比喻宽厚祥和的气氛","pronunciation":"jìfēnglǎngyuè"},{"title":"旧恨新愁","id":"JHXC","album":"宋向滈《如梦令道人书郡楼》词：“旧恨新愁无际，近水远山都是，西北有高楼，正好行藏独倚。”","translation":"新的愁苦和以前未排解的苦闷","pronunciation":"jiùhènxīnchóu"},{"title":"开眉展眼","id":"KMZY","album":"明·施耐庵《水浒传》第十五回：“若是有识我们的，水里水里去，火里火里去，若能够受用得一日，便死了开眉展眼。”","translation":"高兴愉快的样子。","pronunciation":"kāiméizhǎnyǎn"},{"title":"哭丧着脸","id":"KSZL","album":"清·西周生《醒世姻缘传》第66回：“小玉兰哭丧着脸，走到湖亭席上，狄希陈唬得魂飞天外。”","translation":"心里不愉快，脸上显出不高兴的样子。","pronunciation":"kūsāngzheliǎn"},{"title":"乐业安居","id":"LYAJ","album":"元·无名氏《延安府》第一折：“见如今四海无虞，八方黎庶皆丰富，乐业安居。”","translation":"愉快地从事自己的职业，过着安定的生活。形容生活、生产、思想状况安定正常。","pronunciation":"lèyèānjū"},{"title":"眉开眼笑","id":"MKYX","album":"清李汝珍《镜花缘》第50回：“大盗一面看着，只喜的眉开眼笑。”","translation":"眉头舒展；眼含笑意。形容十分高兴的样子。","pronunciation":"méikāiyǎnxiào"},{"title":"满面春风","id":"MMCF","album":"元王实甫《丽春堂》第一折：“得胜归来喜笑浓，气昂昂，志卷长虹，饮千钟，满面春风。”","translation":"春风：春天温暖的风。本指春风拂面；温暖宜人。现指心情喜悦；满脸笑容。也用以形容和蔼热情的面容。","pronunciation":"mǎnmiànchūnfēng"},{"title":"亲密无间","id":"QMWJ","album":"东汉班固《汉书萧望之传赞》：“萧望之历位将相，藉师傅之恩，可谓亲昵亡间。及至谋泄隙开，谗邪构之，卒为便嬖宦竖所图，哀哉！”","translation":"间：缝隙。关系非常融洽、密切、没有一点间隔。","pronunciation":"qīnmìwújiàn"},{"title":"愀然不乐","id":"RBL","album":"《荀子修身》：“见不善，愀然必以自省也。”","translation":"愀然：忧愁的样子。脸上忧愁严肃，心中不愉快。","pronunciation":"qiǎoránbùlè"},{"title":"如释重负","id":"RSZF","album":"《穀梁传昭公二十九年》：“昭公出奔，民如释重负。”","translation":"像放下重担那样。形容紧张心情过去以后的轻松愉快。","pronunciation":"rúshìzhòngfù"},{"title":"若释重负","id":"RSZF","album":"《旧唐书高祖纪》：“宜依前典，趋上尊号，若释重负，感泰兼怀。”","translation":"形容紧张心情过去以后的的轻松愉快。同“如释重负”。","pronunciation":"ruòshìzhòngfù"},{"title":"说来话长","id":"SLHC","album":"清·曹雪芹《红楼梦》第66回：“说来话长。五年前我们老娘家里做生日，妈和我们到那里与老娘拜寿。”","translation":"表示事情很复杂，不是几句话就能说清楚（多指不大愉快的事）。","pronunciation":"shuōláihuàcháng"},{"title":"胜任愉快","id":"SRYK","album":"西汉司马迁《史记酷吏列传》：“当是之时，吏治若救炎扬沸，非武健严酷，恶能胜其任而愉快乎？”","translation":"指有能力担当某项任务或工作；而且能很好地完成。","pronunciation":"shèngrènyúkuài"},{"title":"神头鬼脸","id":"STGL","album":"元·武汉臣《玉壶春》第三折：“硬鼻凹寒森森扫下雪来，冷脸似冬凌块，夕斗毛齐眼睛向下排，则是个敲人脑的活妖怪，动不动神头鬼脸，投河奔井。”","translation":"①形容不愉快的脸色。②喻蓬头乱发，不加修饰。","pronunciation":"shéntóuguǐliǎn"},{"title":"赏心悦目","id":"SXYM","album":"《宋史范镇传》：“凡可以荡心悦目，不宜有加于旧。”","translation":"指看到美好的景色而心情愉快。","pronunciation":"shǎngxīnyuèmù"},{"title":"爽心悦目","id":"SXYM","album":"沈从文《一个戴水獭皮帽子的朋友》：“薄雾里错落有致的平田、房子、树木，全如敷了一层蓝灰，一切极爽心悦目。”","translation":"谓景色美丽，令人心情愉快。","pronunciation":"shuǎngxīnyuèmù"},{"title":"神怿气愉","id":"SQY","album":"清·薛福成《重建苏州南禅夺钟楼记》：“浮屠时其撞击，铿鍧朝夕，田是苏之士民神怿气愉，而瞻听益严以悚。”","translation":"形容欢欣愉快。","pronunciation":"shényìqìyú"},{"title":"陶情适性","id":"TQSX","album":"清·曹雪芹《红楼梦》第一百二十回：“不过游戏笔墨，陶情性而已！”","translation":"陶：喜，快乐；适：舒适，畅快。使心情愉快。","pronunciation":"táoqíngshìxìng"},{"title":"妄自尊大","id":"WZZD","album":"南朝宋范晔《后汉书马援传》：“子阳井底蛙耳，而妄自尊大，不如专意东方。”","translation":"过高地看待自己。形容狂妄自大。妄：过分地；尊：高贵。","pronunciation":"wàngzìzūndà"},{"title":"心存芥蒂","id":"XCJD","album":"汉司马相如《子虚赋》：“吞若云梦者八九于其胸中，曾不芥蒂。”","translation":"芥蒂：本指细小的梗塞物，后比喻心里的不满或不快。指心里对人对事有怨恨或不愉快的情绪。","pronunciation":"xīncúnjièdì"},{"title":"消愁释愦","id":"XCS","album":"北齐颜之推《颜氏家训杂艺》：“弹棋亦近世雅戏，消愁释愦，时可为之。”","translation":"指消除烦闷，愉快身心。","pronunciation":"xiāocháoshìkuì"},{"title":"心广体胖","id":"XGTP","album":"西汉戴圣《礼记大学》：“富润屋，德润身，心广体胖，故君子必诚其意。”","translation":"原指人心胸开阔；外貌就安详。后用来指心情愉快；无所牵挂；因而人也发胖。广：宽广；开阔；胖：安泰舒适。","pronunciation":"xīnguǎngtǐpán"},{"title":"心旷神怡","id":"XKS","album":"宋范仲淹《岳阳楼记》：“登斯楼也，则有心旷神怡，宠辱皆忘，把酒临风，其喜洋洋者矣。”","translation":"心境开阔；精神愉快。旷：空阔；怡：愉快。","pronunciation":"xīnkuàngshényí"},{"title":"心宽体胖","id":"XKTP","album":"西汉戴圣《礼记大学》：“富润屋，德润身，心广体胖。”","translation":"原指人心胸开阔，外貌就安详。后用来指心情愉快，无所牵挂，因而人也发胖。","pronunciation":"xīnkuāntǐpán"},{"title":"心悦诚服","id":"XYCF","album":"先秦孟轲《孟子公孙丑上》：“以力服人者，非心服也，力不赡也；以德服人者，中心悦而诚服也，如七十子之服孔子也。”","translation":"由衷地高兴；真心地服气。指真诚地服气或服从。悦：愉快；诚：真心。","pronunciation":"xīnyuèchéngfú"},{"title":"心余力绌","id":"XYL","album":"宋朱熹《金紫光禄大夫黄公墓志铭》：“邻家有李永者，尚气节，雅敬慕公，察公养亲之意有余而力不足，请助公以经纪，公亦信之不疑，竭赀付之一不问。”","translation":"心里很想干；但力量够不上。","pronunciation":"xīnyúlìchù"},{"title":"怡情悦性","id":"QYX","album":"清曹雪芹《红楼梦》第17回：“如今上了年纪，且案牍劳烦，于这怡情悦性的文章更生疏了。”","translation":"心情分外愉快欢畅。怡；悦；愉快；高兴。","pronunciation":"yíqíngyuèxìng"},{"title":"怡然自得","id":"RZD","album":"战国郑列御寇《列子黄帝》：“黄帝既寤，怡然自得。”","translation":"怡然：安闲、愉快的样子。形容愉快而又自得其乐的神情。","pronunciation":"yíránzìdé"},{"title":"一室生春","id":"YSSC","album":"","translation":"整个房间里充满了愉快欢乐的气氛。","pronunciation":"yīshìshēngchūn"},{"title":"娱心悦目","id":"YXYM","album":"秦·李斯《谏逐客书》：“所以饰后宫，充下陈，娱心意，说耳目者，必出于秦然后可。”北齐·颜之推《颜氏家训·勉学》：“直取其清淡雅论，剖玄析微，宾主往复，娱心悦耳，非济世成俗之要也。”","translation":"娱、悦：使愉快。使心情愉快，耳目舒畅。","pronunciation":"yúxīnyuèmù"},{"title":"怡性养神","id":"XYS","album":"明·李贽《读书乐》：“束书不观，吾何以欢？怡性养神，正在此间。”","translation":"怡悦精神，使之安适愉快。","pronunciation":"yíxìngyǎngshén"},{"title":"一言难尽","id":"YYNJ","album":"《京本通俗小说志诚张主管》：“张主管道：‘小夫人如何在这里？’夫人道：‘一言难尽’。”","translation":"一句话难以把意思说尽。表示事情相当曲折复杂。","pronunciation":"yīyánnánjìn"},{"title":"怡志养神","id":"ZYS","album":"三国·魏·嵇康《兄秀才公穆入军赠诗》之十八：“长寄灵岳，怡志养神。”","translation":"怡养神志，使之安适愉快。","pronunciation":"yízhìyǎngshén"}]}