{"items":[{"title":"哀痛欲绝","id":"ATYJ","album":"邹韬奋《抗战以来与中央党部交涉的经过》：“尤使我哀痛欲绝的是艰苦忠贞于抗建文化事业的青年干部一个又一个的被拘捕。”","translation":"哀痛：悲痛；绝：断绝；指气绝。悲伤得要气绝了。","pronunciation":"āitòngyùjué"},{"title":"鬓乱钗横","id":"LH","album":"宋苏轼《洞仙歌》词：“人未寝，倚枕鬓乱钗横。”","translation":"鬓：耳边的头发；钗：妇女的首饰。耳边的头发散乱，钗子横在一边。形容妇女心绪不佳，无心梳妆打扮","pronunciation":"bìnluànchāihéng"},{"title":"抱头大哭","id":"BTDK","album":"清吴敬梓《儒林外史》第27回：“两人抱头大哭，哭了一场坐下。”","translation":"形容非常伤心或很是感动的样子。","pronunciation":"bàotóudàkū"},{"title":"抱头痛哭","id":"BTTK","album":"清刘鹗《老残游记》第四回：“这里于家父子同他家里人抱头痛哭。”","translation":"指十分伤心或感动，抱头大哭","pronunciation":"bàotóutòngkū"},{"title":"悲痛欲绝","id":"BTYJ","album":"路遥《平凡的世界》第一卷第七章：“她那人间的爱人悲痛欲绝，日日在她变成的土山下面，跪着呜咽哭啼，直到死在这山脚下。”","translation":"绝：穷尽；悲哀伤心到了极点。也作“悲恸欲绝”、“哀痛欲绝”。","pronunciation":"bēitòngyùjué"},{"title":"触景伤心","id":"CJSX","album":"《吴歌甲集·茅舍萧萧傍竹篱》：“茅舍萧萧傍竹篱，西风惨淡雨霏霏，其时黄菊花初放，触景伤心最惨凄。”","translation":"见“触景伤情”。","pronunciation":"chùjǐngshāngxīn"},{"title":"触目伤怀","id":"CMSH","album":"朱自清《背影》：“那知老境却如此颓唐！他触目伤怀，自然不能自己。”","translation":"见“触目伤心”。","pronunciation":"chùmùshānghuái"},{"title":"触目伤心","id":"CMSX","album":"清·宣鼎《夜雨秋灯录·阮封翁》：“赤贫者无力赁屋，男妇老幼皆露处。忽澍雨滂沱，立泥淖中，相向而哭。翁触目伤心，计极穷人不过百十，费无多，思有以援之。”","translation":"看到某种情况而内心伤悲。","pronunciation":"chùmùshāngxīn"},{"title":"大放悲声","id":"DFBS","album":"清·曹雪芹《红楼梦》第114回：“宝钗走到跟前，见凤姐已经停床，便大放悲声。”","translation":"放声痛哭。形容非常伤心。","pronunciation":"dàfàngbēishēng"},{"title":"丹青妙手","id":"DQMS","album":"唐高蟾《金陵晚眺》：“世间无限丹青手，一片伤心画不成。”","translation":"善于运用色彩的巧妙的手（丹青：原指丹砂和青雘两种可制颜料的矿砂；后泛指绘画的颜色）。多指国画大师。","pronunciation":"dānqīngmiàoshǒu"},{"title":"额蹙心痛","id":"EXT","album":"明天放道人《〈四声猿〉序》：“《渔阳》意气，泉路难灰，世人假慈悲学大菩萨，而勤王断国之徒，多在涂脂调粉之辈，此文长所为额蹙心痛者乎。”","translation":"极度忧愁伤心貌。","pronunciation":"écùxīntòng"},{"title":"肝肠寸断","id":"GCCD","album":"西汉刘向《战国策燕策三》：“吾要且死，子肠亦且寸绝。”","translation":"肝脏和肠子好像被寸寸斩断一样。形容万分悲痛。","pronunciation":"gānchángcùnduàn"},{"title":"佳人薄命","id":"JRBM","album":"宋辛弃疾《贺新郎送杜叔高》：“自昔佳人薄命，对古来，一片伤心月。”","translation":"指年轻美女命不好","pronunciation":"jiārénbómìng"},{"title":"疾首痛心","id":"JSTX","album":"《汉魏南北朝墓志集释曹海凝墓志》：“民嗟邑主，疾首痛心。”《南史虞寄传》：“不意将军惑于邪说，翻然异计，寄所以疾首痛心，泣尽继之以血，万全之策，窃为将军惜之。”","translation":"①伤心到时极点。②痛恨到极点。","pronunciation":"jíshǒutòngxīn"},{"title":"泪干肠断","id":"LGCD","album":"清·曹雪芹《红楼梦》第62回：“气的彩云哭个泪干肠断。”","translation":"形容伤心到极点。","pronunciation":"lèigānchángduàn"},{"title":"泪如泉滴","id":"LRQD","album":"唐刘损《愤惋诗》之三“莫道诗成无泪下，泪如泉滴亦须干。”","translation":"形容触动伤心事，眼泪象泉水一样流出。","pronunciation":"lèirúquándī"},{"title":"连天烽火","id":"LTFH","album":"汉·蔡邕《蔡中郎集·外纪上·汉书十志疏》：“其时鲜卑连犯云中五原，一月之中烽火不绝，埃尘连天。”","translation":"烽火：古时边防报警的烟火，比喻战火或战争。形容战火烧遍各地。","pronunciation":"liántiānfēnghuǒ"},{"title":"目断魂销","id":"MDHX","album":"唐·元稹《同州刺史谢上表》：“臣自离京国，目断魂销，每至五更朝谒之时，臣实制泪不得。”","translation":"目断：竭尽目力所见。指竭尽目力也看不见，因而内心十分悲痛。形容因离别而十分伤心。亦作“目断魂消”。","pronunciation":"mùduànhúnxiāo"},{"title":"明知故问","id":"MZGW","album":"清石玉困《三侠五义》：“见他这番光景，明知故问道：‘先生为着何事伤心呢？”","translation":"明明白白地知道某种情况；却还要故意问别人。","pronunciation":"míngzhīgùwèn"},{"title":"怒气冲天","id":"NQCT","album":"元杨显之《潇湘雨》四：“只落口嗔嗔忿忿，伤心切齿，怒气冲天。”","translation":"怒气直冲天际。形容愤怒到了极点。","pronunciation":"nùqìchōngtiān"},{"title":"泣不成声","id":"QBCS","album":"汉赵晔《吴越春秋越王无余外传》：“尧崩，禹服三年之丧，如丧考妣，昼夜哭泣，气不属声。”","translation":"泣：低声哭。哭得噎住了；连声音也发不出来。形容极度悲伤。","pronunciation":"qìbùchéngshēng"},{"title":"棋逢对手","id":"QFDS","album":"唐尚颜《怀陆龟蒙处士》诗：“事免伤心否，棋逢敌手无。”","translation":"逢：遇到；对手：竞赛中本领不相上下的对方。比喻作战或竞技双方力量水平相当；难分高低。","pronunciation":"qíféngduìshǒu"},{"title":"泣下如雨","id":"QXRY","album":"西汉刘向《说苑复恩》：“鲍叔死，管仲举上衽而哭之，泣下如雨。”","translation":"眼泪象雨一样。形容伤心到极点。","pronunciation":"qǐxiàrúyǔ"},{"title":"人琴俱亡","id":"RQJW","album":"南朝宋刘义庆《世说新语伤逝》：“弦既不调，掷地云：‘子敬子敬，人琴俱亡！’恸绝良久，月余亦卒。”","translation":"俱：全，都；亡：死去，不存在。形容看到遗物，怀念死者的悲伤心情。","pronunciation":"rénqínjùwáng"},{"title":"如丧考妣","id":"RSK","album":"《尚书舜典》：“二十有八载，帝乃殂落，百姓如丧考妣。”","translation":"妣：音比；考妣：旧时对父母死后的称呼；父亲死后叫考；母亲死后叫妣。好像死了父母一样地伤心和着急。","pronunciation":"rúsàngkǎobǐ"},{"title":"若丧考妣","id":"RSK","album":"汉扬雄《元后诔》：“享国六十，殂落而崩。四海伤怀，擗踊拊心，若丧考妣，遏密八音。”","translation":"丧：死去；考：父亲；妣：母亲。好象死了父母一样地伤心。","pronunciation":"ruòsàngkǎobǐ"},{"title":"三迭阳关","id":"SDYG","album":"唐·王维《渭城曲》诗：“渭城朝雨浥清尘，客舍青青柳色新。劝君更尽一杯酒，西出阳关无故人。”","translation":"三迭：反复歌唱某一句；阳关：古关名，在今甘肃敦煌县西南。原指古代送别的曲调。后也比喻离别。","pronunciation":"sāndiéyángguān"},{"title":"伤心惨目","id":"SXCM","album":"唐李华《吊古战场文》：“日光寒兮草短，月色苦兮霜白。伤心惨目，有如是耶？”","translation":"伤心：使人心痛；惨目：惨不忍睹。形容非常悲惨，使人不忍心看。","pronunciation":"shāngxīncǎnmù"},{"title":"伤心蒿目","id":"SXM","album":"战国·宋·庄周《庄子·骈拇》：“今世之仁人，蒿目而忧世之患。”","translation":"旧时谓志士仁人对艰危时世的关切忧虑。","pronunciation":"shāngxīnhāomù"},{"title":"伤心疾首","id":"SXJS","album":"《‘五四’爱国运动资料·学界风潮记》：“吾民伤心疾首之事，孰有过于是耶！”","translation":"痛心疾首，形容痛心之至。","pronunciation":"shāngxīnjíshǒu"},{"title":"透骨酸心","id":"TGSX","album":"《儿女英雄传》第五回：“她自己心中，以有一腔的弥天恨事，透骨酸心。","translation":"形容极度伤心。","pronunciation":"tòugǔsuānxīn"},{"title":"痛哭流涕","id":"TKLT","album":"东汉班固《汉书贾谊传》：“臣窃惟事势，可为痛哭者一，可为流涕者二，可为长太息者六。”","translation":"形容非常伤心地痛哭。痛哭：尽情大哭；涕：眼泪。","pronunciation":"tòngkūliútì"},{"title":"痛入心脾","id":"TRXP","album":"《儒林外史》第四八回：“[女儿]饿到六天上，不能起床，母亲看着，伤心惨目，痛入心脾，也就病倒了。”","translation":"形容悲痛到了极点。","pronunciation":"tòngrùxīnpí"},{"title":"痛心拔脑","id":"TXBN","album":"北齐·颜之推《颜氏家训·文章》：“陆机与长沙顾母书，述从祖弟士横死。乃言，痛心拔脑，有如孔怀。”","translation":"形容伤心到极点。","pronunciation":"tòngxīnbánǎo"},{"title":"痛心入骨","id":"TXRG","album":"南朝宋范晔《后汉书袁谭传》：“是以智达之士，莫不痛心入骨，伤时人不能相忍也。”","translation":"形容伤心到了极点。","pronunciation":"tòngxīnrùgǔ"},{"title":"为虺弗摧","id":"WFC","album":"《国语吴语》：“为虺弗摧，为蛇将若何？”","translation":"虺：小蛇。小蛇不打死，大了就难办。比喻弱敌不除，必有后患。","pronunciation":"wéihuǐfúcuī"},{"title":"五内俱崩","id":"WNJB","album":"清·黄宗羲《书钱美恭寻亲事》：“美闻此言，五内崩裂。”","translation":"伤心得连内脏都破碎了。形容极度哀痛。","pronunciation":"wǔnèijùbēng"},{"title":"先声夺人","id":"XSDR","album":"先秦左丘明《左传昭公二十一年》：“军志有之：先人有夺人之心，后人有待其衰。”","translation":"声：声势；夺人：指动摇人心。先张扬自己的声势以压倒对方。也比喻做事抢先一步。","pronunciation":"xiānshēngduórén"},{"title":"一佛出世，二佛生天","id":"YFCSEFST","album":"明凌濛初《二刻拍案惊奇》卷二十三：“合家见防御说得伤心，一齐号哭起来。直哭得一佛出世，二佛生天，连崔生也不知陪下了多少眼泪。”","translation":"死去活来之意。出世，生；生天，死。","pronunciation":"yīfóchūshì，èrfóshēngtiān"}]}