{"items":[{"title":"八百孤寒","id":"BBGH","album":"五代王定保《唐摭言》：“八百孤寒齐下泪，一时南望李崖州。”","translation":"八百：形容多；孤寒：指贫困的读书人。许多生活贫困的读书人。","pronunciation":"bābǎigūhán"},{"title":"摆八卦阵","id":"BBZ","album":"","translation":"比喻布置疑阵，故弄玄虚","pronunciation":"bǎibāguàzhèn"},{"title":"八拜为交","id":"BBWJ","album":"明·凌濛初《初刻拍案惊奇》第20卷：“我有个八拜为交的故人，乃青州刺史刘元普。”","translation":"八拜：古代世交子弟谒见长辈的礼节；交：交情，友谊。旧时称异姓结拜兄弟或姐妹的关系","pronunciation":"bābàiwéijiāo"},{"title":"八百姻娇","id":"BBYJ","album":"元·马致远《汉宫秋》第一折：“他双瞎，便宜的八百姻娇比并他，也未必强如俺娘娘带破赚丹青画。”","translation":"姻娇：美女。指美女众多","pronunciation":"bābǎiyīnjiāo"},{"title":"八拜之交","id":"BBZJ","album":"元王实甫《西厢记》第一本第一折：“与小生同郡同学，当初为八拜之交。”","translation":"八拜：古代世交子弟谒见长辈的礼节。旧时称异姓结拜的兄弟姐妹。","pronunciation":"bābàizhījiāo"},{"title":"八窗玲珑","id":"BCL","album":"唐卢纶《赋得彭祖楼送杨德宗归徐州幕》诗：“四户八窗明，玲珑逼上清。”","translation":"①指四壁窗户轩敞，室内通彻明亮。②比喻通达明澈的修养境界。","pronunciation":"bāchuānglínglóng"},{"title":"八斗之才","id":"BDZC","album":"唐李商隐《可叹》诗：“宓妃愁坐芝田馆，用尽陈王八斗才。”","translation":"八斗：指量多；才：才华。旧时比喻人才学丰富；诗文多而华美。","pronunciation":"bādǒuzhīcái"},{"title":"八方风雨","id":"BFFY","album":"唐刘禹锡《贺晋公留守东都》：“天子旌旗分一半，八方风雨会中州。”","translation":"八方：四方四隅的总称。四面八方的疾风骤雨。比喻形势骤然变幻，动荡不安","pronunciation":"bāfāngfēngyǔ"},{"title":"八方呼应","id":"BFHY","album":"毛泽东《文汇报的资产阶级方向应当批判》：“上下串连，八方呼应，以天下大乱、取而代之、逐步实行、终成大业为时局估计和最终目的者，到底只有较少人数。”","translation":"八方：四面八方。形容各方面互相呼应；彼此配合。","pronunciation":"bāfānghūyìng"},{"title":"八府巡按","id":"BFXA","album":"","translation":"巡按之名，起于明代，非固定职官，临时由朝廷委派监察御史担任，分别巡视各省，考核吏治。“八府巡按”常见于戏曲、小说，民间多视为清廉而有权势的大官。","pronunciation":"bāfǔxúnàn"},{"title":"八方支援","id":"BFZY","album":"刘白羽《第二个太阳》第12章：“我又不会撒豆成兵，还不是一方有难，八方支援。”","translation":"形容各方面都支持、援助。","pronunciation":"bāfāngzhīyuán"},{"title":"八方支持","id":"BFZC","album":"","translation":"形容各方面都支持、援助。","pronunciation":"bāfāngzhīyuán"},{"title":"八攻八克","id":"BGBK","album":"明·程登吉《幼学琼林》第一卷：“北敌势方强，娄师德八遇八克；南蛮心未服，诸葛亮七纵七擒。”","translation":"屡次攻击，屡次胜利","pronunciation":"bāgōngbākè"},{"title":"八公草木","id":"BGCM","album":"《晋书·苻坚载记下》：“（苻）坚与苻融登城而望王师，见部阵齐整，将士精锐，又北望八公山上草木皆类人形，顾谓融曰：‘此亦劲敌也，何谓少乎？’怃然有惧色。”","translation":"将八公山的草木视为敌人。形容心情极为紧张和恐惧","pronunciation":"bāgōngcǎomù"},{"title":"八公山上，草木皆兵","id":"BGSSCMJB","album":"《晋书苻坚载记下》：“（苻）坚与苻融登城而望王师，见部阵齐整，将士精锐，又北望八公山上草木皆类人形，顾谓融曰：‘此亦劲敌也，何谓少乎？’怃然有惧色。”","translation":"将八公山上的草木，都当作是士兵。形容极度惊恐，疑神疑鬼。","pronunciation":"bāgōngshānshàng，cǎomùjiēbīng"},{"title":"八竿子打不着","id":"BGZDBZ","album":"母国政《飘飞的大雪》：“现在有些人，千方百计地寻找在国外八竿子打不着的亲友，想方设法要出去。”","translation":"比喻远得不沾边","pronunciation":"bāgānzidǎbùzháo"},{"title":"白话八股","id":"BHBG","album":"鲁迅《南腔北调“论语一年”》：“说是《论语》办到一年了，语堂先生命令我做文章。这实在好像出了‘《学而》一章’的题目，叫我做一篇白话八股一样。”","translation":"用白话写的类似旧时八股式的文章。比喻指应命而写的刻板文章。","pronunciation":"báihuàbāgǔ"},{"title":"八花九裂","id":"BHJL","album":"宋·释普济《五灯会元》：“僧问慧颙禅师曰：‘如何是无缝塔？’师曰：‘八花九裂。’”","translation":"裂：分裂。形容漏洞百出，缝隙很多","pronunciation":"bāhuājiǔliè"},{"title":"八纮同轨","id":"BKTG","album":"《晋书武帝纪》：“廓清梁、岷、包怀扬、越，八纮同轨，祥瑞屡臻。”","translation":"指天下一统。八纮，指八方极远之地。","pronunciation":"bāhóngtóngguǐ"},{"title":"八荒之外","id":"BHZW","album":"战国郑列御寇《列子仲尼》：“虽远在八荒之外，近在眉睫之内，来干我者，我必知之。”","translation":"八面荒远的地方以外。形容极其旷远。","pronunciation":"bāhuāngzhīwài"},{"title":"半斤八两","id":"BJBL","album":"宋无名氏《张协状元》戏文第28出：“两个半斤八两，各家归去不须嗔。”","translation":"八两：即半斤；旧制一斤为十六两。半斤和八两轻重相等。比喻彼此相同。","pronunciation":"bànjīnbāliǎng"},{"title":"八九不离十","id":"BJBLS","album":"老舍《柳屯的》：“我不敢说是明白他，不过讲猜测的话，我或者能猜个八九不离十。”","translation":"指与实际情况很接近。","pronunciation":"bājiǔbùlíshí"},{"title":"半斤八面","id":"BJBM","album":"","translation":"旧制一斤合十六两，半斤等于八两。一个半斤，一个八两，重量相等。比喻彼此一样，不分上下。亦作“一个半斤，一个八两”、“半斤对八两”。","pronunciation":"bànjīnbāmiàn"},{"title":"八街九陌","id":"BJJM","album":"《三辅旧事》：“长安城中，八街九陌。”","translation":"形容城市的街道纵横，市面繁华。","pronunciation":"bājiējiǔmò"},{"title":"八面见光","id":"BMJG","album":"清文康《儿女英雄传》第十回：“张姑娘这几句话说得软中带硬，八面儿见光，包罗万象，把个铁铮铮的十三妹倒寄放在那里为起难来了。”","translation":"形容人非常世故，各方面都能应付得很周到。","pronunciation":"bāmiànjiànguāng"},{"title":"八面玲珑","id":"BML","album":"唐黄滔《黄御史集大唐福州报恩定光多宝塔碑记》：“七面八面玲珑。”","translation":"玲珑：透亮；清澈的样子；也指人机灵、灵巧。原指室内各面窗户敞通明亮。后形容为人机灵；善于应付。","pronunciation":"bāmiànlínglóng"},{"title":"八面受敌","id":"BMSD","album":"五代王保定《唐摭言海叙不遇》：“子华（吴融）才力浩大，八面受敌，以八韵着称。”","translation":"①谓功力深厚，能应付各种情况。②砚名。","pronunciation":"bāmiànshòudí"},{"title":"八面驶风","id":"BMSF","album":"老舍《神拳》第三幕：“八面驶风，左右逢源，真乃诸葛亮也。”","translation":"驶：驾驭。形容善于见风使舵，各方面都兜得转，吃得开","pronunciation":"bāmiànshǐfēng"},{"title":"八面威风","id":"BMWF","album":"元郑德辉《三战吕布》第三折：“托赖着真天子百灵咸助，大将军八面威风。”","translation":"八面：各方面。形容声势气派十足。","pronunciation":"bāmiànwēifēng"},{"title":"八门五花","id":"BMWH","album":"清·张潮《虞初新志》：“群峰乱峙，四布罗引，如平沙万幕，八门五花。”","translation":"八门：八门阵；五花：五行阵。古代两种战术变化很多的阵势。比喻变化多端或花样繁多","pronunciation":"bāménwǔhuā"},{"title":"八面莹澈","id":"BMYC","album":"清昭槤《啸亭杂录尹文端公》：“年三十馀即任封疆，遇事镜烛犀刻，八面莹澈。”","translation":"比喻精明练达，洞察一切。","pronunciation":"bāmiànyíngchè"},{"title":"八面圆通","id":"BMYT","album":"清李宝嘉《官场现形记》第38回：“第二要嘴巴会说，见人说人话，见鬼说鬼话，见了官场说官场上的话，见了生意人说生意场中的话，真正要八面圆通，十二分周到，方能当得此任。”","translation":"形容为人处事圆滑，处处应付周全。","pronunciation":"bāmiànyuántōng"},{"title":"八面张罗","id":"BMZL","album":"茅盾《手的故事》：“黄二姐虽则已过中年，却还是个八面张罗人人喜欢的角色。”","translation":"形容各方面都应酬得好。","pronunciation":"bāmiànzhāngluo"},{"title":"八难三灾","id":"BNSZ","album":"元无名氏《小张屠》第三折：“但有些八难三灾，一心斋戒。”","translation":"比喻小孩生来多病。也形容经常遭遇不幸。","pronunciation":"bānànsānzāi"},{"title":"不如意事常八九","id":"BRYSCBJ","album":"《白雪遗音·南词·十二时》：“不如意事常八九，可语人言无二三。”","translation":"不顺心的事情经常会发生","pronunciation":"bùrúyìshìchángbājiǔ"},{"title":"八索九丘","id":"BSJQ","album":"汉·孔安国《尚书序》：“八卦之说，谓之八索；索，求其义也。九州之志，谓之九丘；丘，聚也。”","translation":"古书名","pronunciation":"bāsuǒjiǔqiū"},{"title":"八抬大轿","id":"BTDJ","album":"清·贪梦道人《彭公案》第44回：“大人这一次出京，坐的八抬大轿，比先前更显荣耀。”","translation":"大官坐的由八个人抬着走的大轿子，是身分重要的标志","pronunciation":"bātáidàjiào"},{"title":"八万四千","id":"BWSQ","album":"《法华经宝塔品》：“若持八万四千法藏，十二部经，为人演说。”","translation":"本为佛教表示事物众多的数字，后用以形容极多。","pronunciation":"bāwànsìqiān"},{"title":"八仙过海","id":"BXGH","album":"明无名氏《八仙过海》第二折：“则俺这八仙过海神通大，方显这众圣归山道法强，端的万古名扬。”","translation":"相传八仙过海时不用舟船，各有一套法术，后比喻各自拿出本领或办法，互相竞赛","pronunciation":"bāxiānguòhǎi"},{"title":"八仙过海，各显其能","id":"BXGHGXQN","album":"明吴承恩《西游记》第81回：“正是八仙过海，独自显神通。”","translation":"八仙：传说的仙人，即汉钟离、张果老、吕洞宾、铁拐李、曹国舅、韩湘子、蓝采和、何仙姑。比喻做事各有各自的办法","pronunciation":"bāxiānguòhǎi，gèxiǎnqínéng"},{"title":"八仙过海，各显神通","id":"BXGHGXST","album":"明吴承恩《西游记》第81回：“正是八仙过海，独自显神通。”","translation":"比喻做事各有各的一套办法。也比喻各自拿出本领互相比赛。","pronunciation":"bāxiānguòhǎi，gèxiǎnshéntōng"},{"title":"八音迭奏","id":"BYDZ","album":"《晋书乐志下》：“八音迭奏，雅乐并作。”","translation":"八音：古代对乐器的统称；迭：交互，轮流。八类乐器轮番演奏。表示器乐齐全，演奏场面盛大。","pronunciation":"bāyīndiézòu"},{"title":"八音遏密","id":"BYEM","album":"《尚书舜曲》：“百姓如丧考妣。三载，四海遏密八音。”","translation":"八音：古代对乐器的统称；遏：阻止；遏密：指皇帝死后停止演奏音乐。各种乐器停止演奏。指国家元首去世","pronunciation":"bāyīnèmì"},{"title":"八字打开","id":"BZDK","album":"宋朱熹《与刘子澄书》：“近日因看《大学》，见得此意甚分明。圣贤已是八字打开了，但人自不领会，却向外狂走耳。”","translation":"象“八”字那样，撇、捺向两边分开。原意是放着正路不走，却走歪门邪道。也形容门路很宽。","pronunciation":"bāzìdǎkāi"},{"title":"八字没见一撇","id":"BZMJYP","album":"孙锦标《通俗常言疏证人事》第三卷：“《通俗编》：‘朱子《与刘子澄书》：圣贤已是八字打开了，人自不领会。’按今有‘八字不见两撇’之谚……凡事无端绪者，谓之八字不曾见两撇。”","translation":"比喻事情毫无眉目，未见端绪","pronunciation":"bāzìméijiànyīpiě"},{"title":"八字没一撇","id":"BZMYP","album":"孙锦标《通俗常言疏证人事》：“《通俗编》：‘朱子《与刘子澄书》：圣贤已是八字打开了，人不自领会。’按今有‘八字不见两撇’之谚，似又因于此语。凡事无端绪者，谓之八字不曾见两撇。”","translation":"比喻事情还没有眉目。","pronunciation":"bāzìméiyīpiě"},{"title":"八砖学士","id":"BZXS","album":"唐·李肇《翰林志》：“唐时冬中日影及五砖为入署办公之候，李程官翰林学士，性懒，日过八砖乃至，时号‘八砖学士’。”","translation":"八砖：八行砖。指懒惰的人","pronunciation":"bāzhuānxuéshì"},{"title":"八珍玉食","id":"BZYS","album":"金董解元《西厢记诸宫调》第三卷：“八珍玉食邀郎餐，千言万语对生意。”","translation":"泛指精美的肴馔。","pronunciation":"bāzhēnyùshí"},{"title":"丑八怪","id":"CBG","album":"老舍《我这一辈子》：“一个漂亮小伙子所最怕的恐怕就是娶个丑八怪似的老婆吧。”","translation":"相貌丑陋的人","pronunciation":"chǒubāguài"},{"title":"才高八斗","id":"CGBD","album":"明陈汝元《金莲记偕计》：“不佞姓苏，名轼，字子瞻，眉州眉山人也。学富五车，才高八斗。”","translation":"才：文才。形容人文才很高。","pronunciation":"cáigāobādǒu"},{"title":"才夸八斗","id":"CKBD","album":"清李渔《闲情偶寄词曲结构》：“吾谓技无大小，贵在能精……否则才夸八斗，胸号五车，为文仅称点鬼之谈，着书惟供覆瓿之用，虽多亦奚以为？”","translation":"夸耀才华出众。","pronunciation":"cáikuābādǒu"},{"title":"长七短八","id":"CQDB","album":"马烽《吕梁英雄传》第16回：“康顺风一边点头，一边结结巴巴的央求，喉咙里像塞了一团棉花，半天也没说下个长七短八。”","translation":"指事情的头绪","pronunciation":"chángqīduǎnbā"},{"title":"春山八字","id":"CSBZ","album":"《剪灯余话·江庙泥神记》：“春山八字争妍媚，姨姨妹妹皆殊丽。”","translation":"八字：指眉毛。形容眉如春山秀美","pronunciation":"chūnshānbāzì"},{"title":"才占八斗","id":"CZBD","album":"南朝宋代的谢灵运给曹植下的评语：“天下文才共一石，而子建独得八斗！”注：一石等于十斗。石，念dàn。","translation":"才：文才，才华。形容人学问高，文才好。","pronunciation":"cáizhānbādǒu"},{"title":"德被八方","id":"DBBF","album":"明·郭勋《英烈传》第29回：“不可，不可！主公德被八方，名高天下，岂可称臣逆贼！”","translation":"品德高尚，满布天下","pronunciation":"dépībāfāng"},{"title":"大卸八块","id":"DXBK","album":"清·无名氏《刘公案》第35回：“豁肚子咧！要开膛咧！迟一会还要大卸八块呢！”","translation":"指把完整的事物分成若干小块","pronunciation":"dàxièbākuài"},{"title":"二八佳人","id":"EBJR","album":"宋·苏轼《李铃辖座上分题戴花》诗：“二八佳人细马驮，十千美酒渭城歌。”","translation":"二八：指十六岁：佳人：美女。十五六岁的美女。","pronunciation":"èrbājiārén"},{"title":"二八女郎","id":"EBNL","album":"清蒲松龄《聊斋志异瞳人语》：“见车幔洞开，内坐二八女郎，红妆艳丽。”","translation":"二八：指十六岁。十五六岁的美女。指年轻貌美的女子","pronunciation":"èrbānǚláng"},{"title":"遏密八音","id":"EMBY","album":"《尚书舜曲》：“三载，四海遏密八音。”","translation":"遏：阻止；密：寂静。各种乐器停止演奏，乐声寂静。旧指皇帝死后停乐举哀。后也用以形容国家元首之死。","pronunciation":"èmìbāyīn"},{"title":"耳听八方","id":"ETBF","album":"明许仲琳《封神演义》第53回：“为将之道：身临战场，务要眼观四处，耳听八方。”","translation":"八是四方（东西南北）和四隅（东南、东北、西南、西北）的总称。耳朵同时察听各方面来的声音；形容人灵敏机警。","pronunciation":"ěrtīngbāfāng"},{"title":"嘎七马八","id":"GQMB","album":"老舍《骆驼祥子》：“他就嘎七马八的买回一大堆食物，给他们俩吃。”","translation":"指毫无条理，乱七八糟","pronunciation":"gāqīmǎbā"},{"title":"挥斥八极","id":"HCBJ","album":"《庄子·田子方》：“夫至人者，上窥青天，下潜黄泉，挥斥八极，神气不变。”","translation":"挥斥：奔放；八极：八方，极远之处。形容人的气概非凡，能力巨大。","pronunciation":"huīchìbājí"},{"title":"麾斥八极","id":"CBJ","album":"明·宋濂《国朝名臣序颂·张献武王宏范》：“麾斥八极，群雄云从。”","translation":"麾斥：奔放。形容人气概非凡，不可一世","pronunciation":"huīchìbājí"},{"title":"横七竖八","id":"HQSB","album":"明施耐庵《水浒传》第34回：“一片瓦砾场上，横七竖八，杀死的男子妇女，不计其数。”","translation":"有的横着；有的竖着。形容杂乱无章；没有条理。","pronunciation":"héngqīshùbā"},{"title":"胡说八道","id":"HSBD","album":"宋宗杲《大慧普觉禅师语录》：“手指东画西，口中乱说乱道。”","translation":"指没有根据；不负责任的乱说一气。也作“胡说乱道”。","pronunciation":"húshuōbādào"},{"title":"胡诌八扯","id":"HZBC","album":"","translation":"指胡扯瞎说。","pronunciation":"húzhōubāchě"},{"title":"九垓八埏","id":"JB","album":"《史记·司马相如列传》：“上畅九垓，下坼八埏。”","translation":"垓：通“陔”，重，层；九垓：即九重天，天之极高处；埏：边际；八埏：指边际远之地。指天地的终极之处，即天涯海角。","pronunciation":"jiǔgāibāyán"},{"title":"九行八业","id":"JXBY","album":"顾笑言《你在想什么》：“矿山是除了神话中的仙境之外，最令人神往的去处，而三教九流，九行八业之中，矿工是最崇高的职业。”","translation":"指各种行业","pronunciation":"jiǔhángbāyè"},{"title":"九江八河","id":"JJBH","album":"《四游记·灵耀分龙会为明辅》：“却说次日众真君聚朝奏玉帝曰：‘当年五月二十五日，起分龙会，会集九江八河、五湖四海各宫龙王赴会迎雨。’”","translation":"泛指所有的江河。","pronunciation":"jiǔjiāngbāhé"},{"title":"夹七夹八","id":"JQJB","album":"明冯梦龙《醒世恒言》：“朱世远原有怕婆之病，凭他夹七夹八，自骂自止，并不敢开言。”","translation":"指说话东拉西扯，混杂不清。","pronunciation":"jiāqījiābā"},{"title":"九曲十八弯","id":"JQSBW","album":"清·吴璿《飞龙全传》第七回：“待我引他到九曲十八弯中，唤我那结义兄弟出来，就好与他算账。”","translation":"曲：曲折；弯：不直。指十分弯曲","pronunciation":"jiǔqūshíbāwān"},{"title":"块儿八毛","id":"KEBM","album":"老舍《我这一辈子》：“假如从马粮钱里能弄出块儿八毛的来，孩子至少也可以去私塾了。”","translation":"一元钱或不足一元钱。指小钱","pronunciation":"kuàiérbāmáo"},{"title":"老八辈子","id":"LBBZ","album":"袁静《新儿女英雄传》第18回：“他啊，那么个麻脸儿，我八辈子也看不上！”","translation":"极为古老、陈旧的","pronunciation":"lǎobābèizǐ"},{"title":"零七八碎","id":"LQBS","album":"老舍《老张的哲学》：“今天买皮鞋，明天买白帽子，书钱花得不多，零七八碎差一点没叫我破产。”","translation":"形容又零碎又乱。也指零散而没有系统的事情或没有大用的东西。","pronunciation":"língqībāsuì"},{"title":"乱七八糟","id":"LQBZ","album":"清曾朴《孽海花》第五回：“你看屋里的图书字画，家伙器皿，布置得清雅整洁，不像公坊以前乱七八糟的样子了。”","translation":"形容乱糟糟的样子；毫无条理或秩序。","pronunciation":"luànqībāzāo"},{"title":"乱七八遭","id":"LQBZ","album":"鲁迅《且介亭杂文二集·人生识字胡涂始》：“非常驳杂，脑子给古今各种马队践踏了一通之后，弄得乱七八遭。”","translation":"见“乱七八糟”。","pronunciation":"luànqībāzāo"},{"title":"零七碎八","id":"LQSB","album":"路遥《平凡的世界》第二卷第30章：“两个新人的衣服被褥和零七碎八下来，三五十块钱根本不顶事。”","translation":"指零零碎碎的东西","pronunciation":"língqīsuìbā"},{"title":"女大十八变","id":"NDSBB","album":"宋释道原《景德传灯录幽州谭空和尚》：“龙女有十八变，汝与老僧试一变看。”","translation":"指女子在发育成长过程中，容貌性格有较多的变化。","pronunciation":"nǚdàshíbābiàn"},{"title":"七步八叉","id":"QBBC","album":"清·文康《儿女英雄传》第37回：“七步八叉，具有成例；古人击钵催诗，我要击钵了。”","translation":"相传曹植七步成诗，温庭筠凡八叉手而赋成八韵，后因以“七步八叉”形容才思敏捷。","pronunciation":"qībùbāchā"},{"title":"七病八倒","id":"QBBD","album":"","translation":"形容体弱多病。","pronunciation":"qībìngbādǎo"},{"title":"七病八痛","id":"QBBT","album":"清曾朴《孽海花》第24回：“就是在雯青家里，一年到头，上下多少人，七病八痛，都是他包圆儿的。”","translation":"泛指各种各样的病痛","pronunciation":"qībìngbātòng"},{"title":"七长八短","id":"QCBD","album":"明施耐庵《水浒传》第63回：“左有顾大嫂，右有孙二娘，引一千余军马，都是七长八短汉，四山五岳人。”","translation":"形容高矮、长短不齐。也指不幸的事。","pronunciation":"qīchángbāduǎn"},{"title":"七穿八洞","id":"QCBD","album":"","translation":"形容破旧不堪。","pronunciation":"qīchuānbādòng"},{"title":"七疮八孔","id":"QCBK","album":"清·李绿园《歧路灯》第66回：“俗话说‘好账不如无。’在我身上一天，就在我心里一天，恨不得一剪剪齐，争乃近日手窘，七疮八孔的，难以骤完。”","translation":"窟窿多。比喻经济上负债累累。","pronunciation":"qīchuāngbākǒng"},{"title":"七穿八烂","id":"QCBL","album":"","translation":"形容破烂不堪。","pronunciation":"qīchuānbālàn"},{"title":"七穿八穴","id":"QCBX","album":"宋·释普济《五灯会元》第45卷：“有时十字街头七穿八穴。”","translation":"穿：洞，孔；穴：窟窿。形容窟窿很多","pronunciation":"qīchuānbāxué"},{"title":"七搭八扯","id":"QDBC","album":"","translation":"形容说话漫无边际，没有中心。纠缠；乱搭腔。同“七搭八搭”。","pronunciation":"qīdābāchě"},{"title":"七颠八倒","id":"QDBD","album":"宋朱熹《朱子语类》第51卷：“只当商之季，七颠八倒，上下崩颓。”","translation":"形容十分凌乱。","pronunciation":"qīdiānbādǎo"},{"title":"七搭八搭","id":"QDBD","album":"清·刘鹗《老残游记》第十七回：“这里人瑞却躺到烟炕上去烧烟，嘴里七搭八搭的同老残说话。”清·曾朴《孽海花》第二十四回：“老爷今天七搭八搭，不知道说些什么。”","translation":"①形容说话漫无边际，没有中心。②纠缠；乱搭腔。","pronunciation":"qīdābādā"},{"title":"七担八挪","id":"QDBN","album":"明·兰陵笑笑生《金瓶梅》第14回：“因与众人在吴道官房里算帐，七担八挪缠到这咱晚。”","translation":"一再耽搁拖延。","pronunciation":"qīdānbānuó"},{"title":"七倒八歪","id":"QDBW","album":"","translation":"","pronunciation":"qīdǎobāwāi"},{"title":"七大八小","id":"QDBX","album":"清·刘鹗《老残游记》第十回：“有几张树根的坐具，却是七大八小的不匀。”清·曹雪芹《红楼梦》第一百八回：“这十二钗说是金陵的，怎么家里这些人如今七大八小的就剩了这几个。”","translation":"①大小不一。②零落貌。③谓妻妾众多。","pronunciation":"qīdàbāxiǎo"},{"title":"七断八续","id":"QDBX","album":"《秦并六国平话》卷中：“应荣圣刀头引举三军喊杀，秦兵败走，东砍西伐，七断八续。”","translation":"①形容散乱，不相照应。②断接之处甚多。形容十分破烂。","pronunciation":"qīduànbāxù"},{"title":"千儿八百","id":"QEBB","album":"胡天培《山村新人》：“一春天，保管能赚他个千儿八百的。”","translation":"一千左右","pronunciation":"qiānérbābǎi"},{"title":"七高八低","id":"QGBD","album":"清·曾朴《孽海花》第二十三回：“独自一个，在这七高八低的小路上，一脚绊一脚的望前走去。”","translation":"形容道路不平坦。","pronunciation":"qīgāobādī"},{"title":"七拱八翘","id":"QGBQ","album":"沙汀《选灾》：“么大爷又不依了！说：‘要乱来我们大家乱来！’就这样七拱八翘。”","translation":"形容关系不和谐或心情不舒畅。","pronunciation":"qīgǒngbāqiào"},{"title":"七慌八乱","id":"QHBL","album":"明·冯梦龙《醒世恒言》第27章：“虽然养娘奶子伏侍，到底像小鸡失了母鸡，七慌八乱，啼啼哭哭。”","translation":"形容非常慌张混乱。","pronunciation":"qīhuāngbāluàn"},{"title":"七横八竖","id":"QHBS","album":"明施耐庵《水浒全传》第三十四回：“一片瓦砾场上，横七竖八，杀死的男子妇人，不计其数。”","translation":"有的横，有的竖，杂乱无章。形容纵横杂乱。","pronunciation":"qīhéngbāshù"},{"title":"七脚八手","id":"QJBS","album":"李昌《回忆民先队》：“我们正七脚八手处理文件，收拾东西，警察已到院内。”","translation":"形容动作忙乱，许多人一齐动手。亦作“七足八手”。","pronunciation":"qījiǎobāshǒu"},{"title":"七孔八洞","id":"QKBD","album":"","translation":"","pronunciation":"qīkǒngbādòng"},{"title":"七开八得","id":"QKBD","album":"老舍《龙须沟》第三幕：“我找二嘎子去啦，找了七开八得，也找不着他！”","translation":"形容反反复复，十分周备。","pronunciation":"qīkāibādé"},{"title":"七口八嘴","id":"QKBZ","album":"鲁迅《坟·我之节烈观》：“既不羞自己怯弱无能，也不提暴徒如何惩办，只是七口八嘴，议论他死了没有，受污没有，死了如何好，活着如何不好。”","translation":"同“七嘴八舌”。","pronunciation":"qīkǒubāzuǐ"},{"title":"七棱八瓣","id":"QLBB","album":"梁实秋《老年》：“脸上的肉七棱八瓣，而且还平添无数雀斑，有时排列有序如星座。”","translation":"比喻四分五裂。","pronunciation":"qīléngbābàn"},{"title":"七拉八扯","id":"QLBC","album":"清·吴趼人《二十年目睹之怪现状》第八二回：“我便和他七拉八扯的先谈起来，喜得他谈锋极好，和他谈谈，倒大可以解闷。”","translation":"①谓漫无边际地闲谈。②谓乱拉来一大堆人。","pronunciation":"qīlābāchě"},{"title":"七老八倒","id":"QLBD","album":"明·寓山居士《鱼儿佛》第一出：“到得那七老八倒，腰驼背曲时候，富的也死，贫的也死。”","translation":"形容年老体衰。","pronunciation":"qīlǎobādǎo"},{"title":"七了八当","id":"QLBD","album":"明·凌濛初《初刻拍案惊奇》第16卷：“将昨夜剩下的米煮的早饭，拂拭净了桌椅。忙忙碌碌做了一朝，七了八当。”","translation":"形容十分妥帖。","pronunciation":"qīlebādāng"},{"title":"七零八落","id":"QLBL","album":"宋释惟白《续传灯录有文禅师》第42卷：“无味之谈，七零八落。”","translation":"零：零碎。形容零散稀疏的样子。特指原来又多又整齐的东西现在零散了。","pronunciation":"qīlíngbāluò"},{"title":"七零八乱","id":"QLBL","album":"路遥《平凡的世界》第一卷第51章：“在金俊文被搬迁的七零八乱的家里，俊文和他的一家人都在哭鼻子。”","translation":"形容非常零乱不堪","pronunciation":"qīlíngbāluàn"},{"title":"七捞八攘","id":"QLBR","album":"宋·朱熹《朱子语类》第59卷：“若存得此心，则气常时清……睡梦里亦七捞八攘，如井水不打便清，只管去打便浊了。”","translation":"到处捞摸扰攘。形容思绪纷乱不宁。","pronunciation":"qīlāobārǎng"},{"title":"七老八十","id":"QLBS","album":"明·凌濛初《初刻拍案惊奇》第十卷：“赶得那七老八十的都起身嫁人去了。”","translation":"形容年纪很大。","pronunciation":"qīlǎobāshí"},{"title":"七零八碎","id":"QLBS","album":"明·冯梦龙《东周列国志》第54回：“一时鱼奔鸟散，被楚兵砍瓜切菜，乱杀一回，杀得四分五裂，七零八碎。”","translation":"①形容残破不堪。②零星琐碎。③指零星的物品。","pronunciation":"qīlíngbāsuì"},{"title":"七老八小","id":"QLBX","album":"冯志《敌后武工队》第五章：“起开，我又不七老八小的，搀着架着干什么？”","translation":"指老人与小孩。老老少少","pronunciation":"qīlǎobāxiǎo"},{"title":"七满八平","id":"QMBP","album":"清·赵翼《锦州刺史刘荫萱驻藏回蜀远寄藏佛一尊赋谢》诗：“刺瑞刻猴地几多，七满八平何处可施巧？”","translation":"形容没有空馀的地方。","pronunciation":"qīmǎnbāpíng"},{"title":"七扭八拗","id":"QNB","album":"清·荑荻散人《玉娇梨》第六回：“拿起读了两遍，虽不深知其味，念来却十分顺口，不似自家的七扭八拗。”","translation":"拗：拗口。形容十分别扭不通顺","pronunciation":"qīniǔbāào"},{"title":"七扭八歪","id":"QNBW","album":"玛拉沁夫《茫茫的草原》第三卷：“正面是一排七扭八歪、表泥剥落的土房。”","translation":"形容不端正。","pronunciation":"qīniǔbāwāi"},{"title":"七男八婿","id":"QNBX","album":"","translation":"同“七子八婿”。","pronunciation":"qīnánbāxù"},{"title":"七破八补","id":"QPBB","album":"清·吴趼人《二十年目睹之怪现状》第73回：“外面来了一个白须老头子，穿了一件七破八补的棉袍，形状十分瑟缩。”","translation":"形容衣物非常破旧。","pronunciation":"qīpòbābǔ"},{"title":"七拼八凑","id":"QPBC","album":"清李绿园《歧路灯》第41回：“我殡葬婆婆，是我替俺家男人行一辈子的大事，我不心疼钱。况且这织布机，纺花车儿，一个箱子，一张抽斗桌，七拼八凑，卖了也值两千多钱。”","translation":"指把零碎的东西拼凑起来。形容随意拼凑；多而杂乱。","pronunciation":"qīpīnbācòu"},{"title":"七平八稳","id":"QPBW","album":"","translation":"十分稳定，物体处于平衡状态","pronunciation":"qīpíngbāwěn"},{"title":"七七八八","id":"QQBB","album":"清·西周生《醒世姻缘传》第87回：“说那寄姐的不贤良处，也就跟的素姐七七八八的了。”","translation":"①犹言差不多。②犹言零零碎碎，各式各样。","pronunciation":"qīqībābā"},{"title":"七青八黄","id":"QQBH","album":"元王实甫《西厢记》第一本第二折：“量着穷秀才人情只是纸半张，又没甚七青八黄。”","translation":"指钱财。","pronunciation":"qīqīngbāhuáng"},{"title":"七死八活","id":"QSBH","album":"元王实甫《西厢记》第三本第二折：“你哄着谁哩，你把这个饿鬼弄的七死八活，却要怎么？”","translation":"如同多次死去活来一般。形容受尽痛苦。","pronunciation":"qīsǐbāhuó"},{"title":"七手八脚","id":"QSBJ","album":"宋释普济《五灯会元》第20卷：“上尚七手八脚，三头两面，耳听不闻，眼觑不见，苦乐逆顺，打成一片。”","translation":"原指比一般人多好几个手脚。形容人多手杂；动作忙乱。","pronunciation":"qīshǒubājiǎo"},{"title":"七首八脚","id":"QSBJ","album":"清·吴敬梓《儒林外史》第十二回：“他本来不会走城里的路，这时着了急，七首八脚的乱跑，眼睛又不看着前面，跑了一箭多路，一头撞到一顶轿子上。”","translation":"形容慌张乱闯。","pronunciation":"qīshǒubājiǎo"},{"title":"七上八落","id":"QSBL","album":"明·施耐庵《水浒传》第一回：“洪太尉倒在树根底下，唬的三十六个牙齿捉对儿厮打，那心头一似十五个吊桶，七上八落的响，浑身却如重风麻木，两腿一似斗败公鸡，口里连声叫苦。”","translation":"形容心神不定或慌乱不安。","pronunciation":"qīshàngbāluò"},{"title":"七事八事","id":"QSBS","album":"明·兰陵笑笑生《金瓶梅》第91回：“家中正七事八事，听见薛嫂来说此话，唬得慌了手脚。”","translation":"形容事情多而杂乱。","pronunciation":"qīshìbāshì"},{"title":"七损八伤","id":"QSBS","album":"明·施耐庵《水浒传》第六十四回：“后面伏兵齐起，这索超便有三头六臂，也须七损八伤。”又第一百九回：“降者三万人，除那逃走脱的，其余都是十死九活，七损八伤，颠翻在地，被人马践踏，骨肉如泥的，不计其数。”","translation":"形容损伤惨重。","pronunciation":"qīsǔnbāshāng"},{"title":"七上八下","id":"QSBX","album":"宋宗杲说《大慧普觉禅师语录》第21卷：“方寸里七上八下，如咬生铁橛，没滋味时，切莫退志。”","translation":"形容心神不安的惊惶样子。","pronunciation":"qīshàngbāxià"},{"title":"七损八益","id":"QSBY","album":"","translation":"指女子月事宜以时下，男子精气宜于充盈。中医述人生长发育过程，女子以七为纪，男子以八为纪，故七指女，八指男。","pronunciation":"qīsǔnbāyì"},{"title":"七舌八嘴","id":"QSBZ","album":"丁玲《奔》：“茶馆里又围了许多人，都把他们当做谈话的中心，七舌八嘴，然而没有一句话可以暂时使他们宽心一下。”","translation":"同“七嘴八舌”。","pronunciation":"qīshébāzuǐ"},{"title":"七推八阻","id":"QTBZ","album":"明高明《琵琶记蔡公逼试》：“我教你赴选，也只是要改换门闾，光显祖宗，你却七推八阻，有这许多说话。”","translation":"比喻有意为难。","pronunciation":"qītuībāzǔ"},{"title":"七窝八代","id":"QWBD","album":"明·吴承恩《西游记》：“却只怕那水里有甚么眷族老小，七窝八代的都来，我就弄他不过。”","translation":"詈词。指全部眷属家族。","pronunciation":"qīwōbādài"},{"title":"七弯八拐","id":"QWBG","album":"《十月》1981年第1期：“过了一岗又一岗，一坡又一坡，上上下下，七弯八拐，又走了十多里才真正到了狼牙山脚下、我们要住下的村子。”","translation":"见“七湾八拐”。","pronunciation":"qīwānbāguǎi"},{"title":"七湾八拐","id":"QWBG","album":"郭沫若《孔雀胆》第四幕第一场：“好啦，好啦，不要太自负了，被你七湾八拐的几下子，连我都拿不定主意来了。”","translation":"亦作“七弯八拐”。①多处弯曲，不断转变方向。②形容做事不直截了当。","pronunciation":"qīwānbāguǎi"},{"title":"七歪八扭","id":"QWBN","album":"清·石玉昆《三侠五义》第八十四回：“一路冲浸之处，不可胜数，慢说房屋四分五落，连树木也是七歪八扭。”","translation":"形容歪斜不正。","pronunciation":"qīwāibāniǔ"},{"title":"七湾八扭","id":"QWBN","album":"","translation":"多处弯曲，不断转变方向。也形容做事不直截了当。同“七湾八拐”。","pronunciation":"qīwānbāniǔ"},{"title":"七郤八手","id":"QBS","album":"","translation":"亦作“七足八手”。形容动作忙乱，许多人一齐动手。","pronunciation":"qīxìbāshǒu"},{"title":"七言八语","id":"QYBY","album":"清·李汝珍《镜花缘》第八十三回：“妹子一心想笑话，你们七言八语，那里还敢理会，实实不曾听得。”","translation":"形容人多语杂。","pronunciation":"qīyánbāyǔ"},{"title":"七支八搭","id":"QZBD","album":"","translation":"①随意瞎扯。②指不团结。","pronunciation":"qīzhībādā"},{"title":"七纵八横","id":"QZBH","album":"宋·严羽《沧浪诗话·诗法》：“及其透彻，则七纵八横，信手拈来，头头是道矣。”","translation":"形容奔放自如。","pronunciation":"qīzòngbāhéng"},{"title":"七折八扣","id":"QZBK","album":"清吴趼人《二十年目睹之怪现状》第108回：“这里的客店钱，就拿两块洋钱出来，由得他七折八扣的勉强用了。”","translation":"比喻折扣很大，减掉了很多。","pronunciation":"qīzhébākòu"},{"title":"七嘴八舌","id":"QZBS","album":"《好逑传》第五回：“众人正跑得有兴头上，忽被铁公子拦住，便七嘴八舌地乱嚷。”","translation":"形容人多嘴杂；议论纷纷。也比喻让别人充分发表意见。","pronunciation":"qīzuǐbāshé"},{"title":"七足八手","id":"QZBS","album":"沙汀《替身》：“这时候，那个可怜的盐客，已经在七足八手下打扮好了。”","translation":"见“七脚八手”。","pronunciation":"qīzúbāshǒu"},{"title":"七子八婿","id":"QZBX","album":"《旧唐书·郭子仪传》载：唐郭子仪有子八人，婿七人，皆朝廷重官。","translation":"唐郭子仪有子八人，婿七人，皆朝廷重官。见《旧唐书·郭子仪传》。后因以“七子八婿“形容子、婿众多。","pronunciation":"qīzǐbāxù"},{"title":"七张八嘴","id":"QZBZ","album":"清·钱彩《说岳全传》第六回：“岳大爷见兄弟们七张八嘴，心中暗想：‘我若不去，众兄弟把我看轻了，只道我没有胆量了。’”","translation":"同“七嘴八张”。","pronunciation":"qīzhāngbāzuǐ"},{"title":"七嘴八张","id":"QZBZ","album":"《东周列国志》第三二回：“众官员一拥而前，七嘴八张的，都问道：‘世子何在？’”","translation":"形容人多语杂。","pronunciation":"qīzuǐbāzhāng"},{"title":"十八般兵器","id":"SBBBQ","album":"清郭小亭《济公全传》第六十回：“马静一瞧，大殿前摆着家伙，十八般兵器，一应俱全。”清文康《儿女英雄传》第八回：“若论十八般兵器，我［十三妹］都算拿得起。”","translation":"本指刀枪剑戟等十八种古式兵器。后泛指多种武器。亦比喻多种技能。","pronunciation":"shíbābānbīngqì"},{"title":"十八般武艺","id":"SBBWY","album":"元杨梓《敬德不伏老》第一折：“凭着俺十八般武艺，定下了六十四处征尘。”明施耐庵《水浒传》第二回：“史进每日求王教头点拨十八般武艺，一一从头指教。那十八般武艺？矛锤弓弩铳，鞭锏剑链挝，斧钺并戈戟，牌棒与枪叉。”","translation":"①使用十八般兵器的本领。亦泛指多种武艺。②比喻多种技能。","pronunciation":"shíbābānwǔyì"},{"title":"十八层地狱","id":"SBCDY","album":"明凌濛初《初刻拍案惊奇》卷三十五：“我赖了你的，我堕十八层地狱。”明冯梦龙《喻世明言》第九卷：“分明是十八层地狱的苦鬼，直升到三十三天去了。”","translation":"层：重。地狱：佛教、基督教等指死后灵魂受苦的地方。迷信认为人在生时为非作恶，死后进入十八层地狱，不得翻身。比喻悲惨的报应。","pronunciation":"shíbācéngdìyù"},{"title":"四冲八达","id":"SCBD","album":"清·章学诚《文史通义·横通》：“然通之为名，盖取譬于道路，四冲八达，无不可至，谓之通也。”","translation":"同“四冲六达”。","pronunciation":"sìchōngbādá"},{"title":"四方八面","id":"SFBM","album":"宋·释道原《景德传灯录·怀岳禅师》：“忽遇四方八面来怎么生？”宋·杨万里《过百家渡四绝句》之二：“莫问早行奇绝处，四方八面野香来。”","translation":"到处；各个方面。","pronunciation":"sìfāngbāmiàn"},{"title":"四荒八极","id":"SHBJ","album":"唐·白居易《八骏图》诗：“四荒八极蹋欲遍，三十二蹄无歇时。”","translation":"四面八方极偏远之地。","pronunciation":"sìhuāngbājí"},{"title":"四邻八舍","id":"SLBS","album":"明·伏雌教主《醋葫芦》第六回：“那成家一般也动了诸亲百眷、四邻八舍，送人情，斗分子，虽然娶妾，倒也四司六局，一毫不苟。”","translation":"指左右邻居","pronunciation":"sìlínbāshè"},{"title":"四面八方","id":"SMBF","album":"宋朱熹《朱子语类卷九学三》：“如孔子教人，只是逐件逐事说个道理，未尝说出大头脑处，然四面八方合聚凑来，也自见得个大头脑。”","translation":"八方：指四方四隅；即东、南、西、北四方；东南、东北、西南、西北四隅；泛指周围。指周围各个方面或各个地方。","pronunciation":"sìmiànbāfāng"},{"title":"三臡八菹","id":"SNB","album":"","translation":"泛指精美的肴馔。亦借喻精美的诗文。","pronunciation":"sānníbāzū"},{"title":"四平八稳","id":"SPBW","album":"明施耐庵《水浒传》第44回：“戴宗、杨林看裴宣时，果然好表人物，生得面白肥胖，四平八稳，心中暗喜。”","translation":"原形容说话做事稳当。现多含有做事只求不出差错；缺乏积极创新精神的意思。","pronunciation":"sìpíngbāwěn"},{"title":"四衢八街","id":"SBJ","album":"","translation":"指大城市街道非常多。","pronunciation":"sìqúbājiē"},{"title":"说七说八","id":"SQSB","album":"","translation":"总之，不管怎么说","pronunciation":"shuōqīshuōbā"},{"title":"四时八节","id":"SSBJ","album":"唐杜甫《狂歌行赠四兄》：“四时八节还拘礼，女拜弟妻男拜弟。”","translation":"四时：指春夏秋冬四季；八节：指立春、春分、立夏、夏至、立秋、秋分、立冬、冬至。泛指一年四季中各节气。","pronunciation":"sìshíbājié"},{"title":"三头八臂","id":"STBB","album":"《法苑珠林》卷九：“［修罗道者］体貌粗鄙，每怀瞋毒，棱层可畏，拥耸惊人，并出三头，重安八臂，跨山蹋海，把日擎云。”","translation":"见“三头六臂”。","pronunciation":"sāntóubābì"},{"title":"四通八达","id":"STBD","album":"《子华子晏子问党》：“其涂之所出，四通而八达，游士之所凑也。”","translation":"通、达：畅通无阻。四面八方都有路可通。形容交通便利。","pronunciation":"sìtōngbādá"},{"title":"四亭八当","id":"STBD","album":"宋朱熹《答吕伯恭书》：“不知如何整顿得此身心四亭八当，无许多凹凸也。”","translation":"亭、当：即停当，妥贴。形容一切事情都安排得十分妥贴。","pronunciation":"sìtíngbādàng"},{"title":"四停八当","id":"STBD","album":"宋·朱熹《朱子语类》第11卷：“须要熟看熟思，久久之间，自然见个道理，四停八当。”","translation":"见“四亭八当”。","pronunciation":"sìtíngbādāng"},{"title":"三台八座","id":"STBZ","album":"清·李绿园《歧路灯》第60回：“这叫做‘狮象捍门’，三台八座都是有分的。”","translation":"泛指高官重臣。","pronunciation":"sāntáibāzuò"},{"title":"十万八千里","id":"SWBQL","album":"明吴承恩《西游记》第24回：“行者道：‘十万八千里。十停中还不曾走了一停哩。’”","translation":"形容相距极远。","pronunciation":"shíwànbāqiānlǐ"},{"title":"十五个吊桶打水，七上八落","id":"SWGDTDSQSBL","album":"明·凌濛初《二刻拍案惊奇》第24卷：“自实心里好像十五个吊桶打水，七上八落似的，身子好像墽盘上蚂蚁，一霎也站脚不住。”","translation":"落：下降。比喻心情不安","pronunciation":"shíwǔgèdiàotǒngdǎshuǐ，qīshàngbāluò"},{"title":"十五个吊桶打水，七上八下","id":"SWGDTDSQSBX","album":"明·施耐庵《水浒传》第26回：“那胡正卿心头十五个吊桶打水，七上八下，暗暗地寻思道：‘既是好意请我们吃酒，如何这般相待，不许人动身？’”","translation":"比喻心情不安","pronunciation":"shíwǔgèdiàotǒngdǎshuǐ，qīshàngbāxià"},{"title":"四乡八镇","id":"SXBZ","album":"清·李宝嘉《官场现形记》第14回：“当下统率大队走到乡下，东南西北，四乡八镇。整整兜了一个大圈子。”","translation":"泛指周围的许多乡村和集镇","pronunciation":"sìxiāngbāzhèn"},{"title":"十有八九","id":"SYBJ","album":"唐杜甫《负薪行》：“土风坐男使女立，男当门户女出入。十有八九负薪归，卖薪得钱应供给。”","translation":"指绝大多数，大致不差，差不离。","pronunciation":"shíyǒubājiǔ"},{"title":"四至八道","id":"SZBD","album":"明·罗贯中《三国演义》第95回：“安营既毕，便画四至八道地理形状图本来我看。”","translation":"旧时标志土地界域的用语。表示四面八方所到之处及通往的道路。","pronunciation":"sìzhìbādào"},{"title":"十之八九","id":"SZBJ","album":"《新编五代史平话·唐史》：“今天下之势，归韦温的十之八九。”","translation":"比喻有极大的可能性。","pronunciation":"shízhībājiǔ"},{"title":"三灾八难","id":"SZBN","album":"清曹雪芹《红楼梦》第61回：“况且自己又三灾八难的，好容易怀了一个哥儿，到了六七个月还掉了。”","translation":"比喻小孩生来多病。也形容经常遭遇不幸。","pronunciation":"sānzāibānàn"},{"title":"丝竹八音","id":"SZBY","album":"晋·陈寿《三国志·魏志·杜夔传》：“夔善钟律，聪思过人，丝竹八音，靡所不能。”","translation":"丝竹：弦乐和管乐，泛指音乐；八音：金、石、丝、木、竹、匏、土、革等八种乐器。指音乐","pronunciation":"sīzhúbāyīn"},{"title":"土八路","id":"TBL","album":"马烽《吕梁英雄传》第51回：“汽车上的敌人，听见山坡上有人叫喊，一看是几个‘土八路’，跳下车来。”","translation":"八路：八路军。指非正规军，引申为土气的人","pronunciation":"tǔbālù"},{"title":"王八羔子","id":"WBGZ","album":"清·刘鹗《老残游记》第19回：“吴二浪子那个王八羔子，我们在牢里的时候，他同贾大妮子天天在一块儿。”","translation":"王八：俗称乌龟或鳖。比喻妻子不忠、偷人养汉的丈夫以及坏小子","pronunciation":"wángbāgāozǐ"},{"title":"歪八竖八","id":"WBSB","album":"","translation":"杂乱不整的样子。","pronunciation":"wāibāshùbā"},{"title":"威风八面","id":"WFBM","album":"郭沫若《洪波曲》第七章：“鄙人面奉御旨，办理‘七七’周年纪念——有人早就这样替我宣传出去了——应该是威风八面的事。”","translation":"形容神气十足，声势慑人。","pronunciation":"wēifēngbāmiàn"},{"title":"五花八门","id":"WHBM","album":"清吴敬梓《儒林外史》第42回：“那小戏子一个个戴了貂裘，簪了雉羽，穿极新鲜的靠子，跑上场来，串了一个五花八门。”","translation":"原指五行阵和八门阵。这是古代两种战术变化很多的阵势。比喻变化多端或花样繁多。","pronunciation":"wǔhuābāmén"},{"title":"五行八作","id":"WXBZ","album":"老舍《龙须沟》第一幕：“五行八作，就没你这一行。”","translation":"泛指各行各业。","pronunciation":"wǔhángbāzuò"},{"title":"乌七八糟","id":"WQBZ","album":"老舍《四世同堂偷生四十糟中》：“可是，整个的北平都在污七八糟中，她所知道的‘能人’们，都闭着眼瞎混。”","translation":"肮脏污秽；十分糟糕。","pronunciation":"wūqībāzāo"},{"title":"污七八糟","id":"WQBZ","album":"老舍《四世同堂》：“可是，整个的北平都在污七八糟中，她所知道的'能人'们，都闭着眼瞎混。”","translation":"形容十分杂乱。","pronunciation":"wūqībāzāo"},{"title":"歪七扭八","id":"WQNB","album":"老舍《小人物自述》：“那些古钱已然都歪七扭八的，在钱眼里探出些不十分绿的草叶来。”","translation":"歪歪扭扭，不直","pronunciation":"wāiqīniǔbā"},{"title":"歪七竖八","id":"WQSB","album":"茅盾《上海·我的二房东》：“沿马路上的电灯柱上，里门口，都有些红纸小方块；烂疮膏药似的，歪七竖八贴着。”","translation":"歪歪扭扭的。形容不正的样子","pronunciation":"wāiqīshùbā"},{"title":"席卷八荒","id":"XJBH","album":"汉贾谊《过秦论》：“有席卷天下，包举宇内，囊括四海之意，并吞八荒之心。”","translation":"席卷：像卷席子一样把东西卷起；八荒：八方荒远的地方。形容力量强大，控制整个天下。","pronunciation":"xíjuǎnbāhuāng"},{"title":"瞎说八道","id":"XSBD","album":"丁玲《水》：“大福，你这小子懂什么！菩萨又看不见，你尽瞎说八道……”","translation":"没有根据或没有道理地瞎说，指乱编瞎说","pronunciation":"xiāshuōbādào"},{"title":"右传之八章","id":"YCZBZ","album":"清·李绿园《歧路灯》第64回：“左右照管贻安骄傲之脸，放肆之嘴，打了十个‘右传之八章’。”","translation":"打了一顿巴掌。","pronunciation":"yòuchuánzhībāzhāng"},{"title":"眼观六路，耳听八方","id":"YGLLETBF","album":"清·石玉昆《续小五义》第三回：“魏真道爷可算得眼观六路，耳听八方，正与雷英动手。”","translation":"六路：指上、下、四方；八方：指东、南、西、北、东南、西南、西北、东北。形容人机智灵活，遇事能多方观察分析","pronunciation":"yǎnguānliùlù，ěrtīngbāfāng"},{"title":"眼观四处，耳听八方","id":"YGSCETBF","album":"明许仲琳《封神演义》第53回：“为将之道，身临战场，务要眼观四处，耳听八方。”","translation":"形容人机智灵活，遇事能多方观察分析。","pronunciation":"yǎnguānsìchù，ěrtīngbāfāng"},{"title":"眼观四路，耳听八方","id":"YGSLETBF","album":"清·文康《新儿女英雄传》：“强盗的本领，讲的是观六路，耳听八方。”","translation":"形容人机智灵活，遇事能多方观察分析。","pronunciation":"yǎnguānsìlù，ěrtīngbāfāng"},{"title":"一十八般兵器","id":"YSBBBQ","album":"元关汉卿《哭存孝》第一折：“你放下一十八般兵器，你抡不动那鞭、简、挝、锤。”","translation":"泛指各种兵器。","pronunciation":"yīshíbābānbīngqì"},{"title":"一十八般武艺","id":"YSBBWY","album":"元白朴《梧桐雨》楔子：“臣左右开弓，一十八般武艺，无有不会。”","translation":"泛指各种武术技艺。","pronunciation":"yīshíbābānwǔyì"},{"title":"一十八层地狱","id":"YSBCDY","album":"明吴承恩《西游记》第十一回：“判官道:‘此是阴山背后一十八层地狱。’”","translation":"佛教指极恶众生死后赴受苦之所，包括刀山、火汤、寒冰等十八种。比喻灾难极其深重的境地。也比喻最低的等级。","pronunciation":"yīshíbācéngdìyù"},{"title":"猪八戒吃人参果，全不知滋味","id":"ZBJCRCGQBZZW","album":"清吴敬梓《儒林外史》第六回：“你这奴才，‘猪八戒吃人参果，全不知滋味’！”","translation":"比喻吃东西狼吞虎咽，来不及细尝。也比喻看书做事贪多务得，实则无所收获","pronunciation":"zhūbājièchīrénshēnguǒ，quánbùzhīzīwèi"},{"title":"正儿八经","id":"ZEBJ","album":"徐怀中《我们播种爱情》第一章：“我才当了四年骑兵，正儿八经地参加战斗也才十四五次。”","translation":"正经，严肃而认真","pronunciation":"zhèngérbājīng"},{"title":"正经八板","id":"ZJBB","album":"陆星儿《北大荒人物速写》：“铁娃把孩子塞给了秀娟，披着的棉衣也甩到了炕上，正经八板地坐了起来。”","translation":"见“正经八百”。","pronunciation":"zhèngjīngbābǎn"},{"title":"正经八本","id":"ZJBB","album":"郭澄清《大刀记》第十八章：“可是，我们干革命，只要正经八本地干，哪有不忙的时候儿？”","translation":"见“正经八百”。","pronunciation":"zhèngjīngbāběn"},{"title":"正经八百","id":"ZJBB","album":"张天民《创业》第二章：“秦发愤却当了真，正经八百地说：‘抗美援朝的时候起的。’”","translation":"①正经的，严肃认真的。②犹名副其实。","pronunciation":"zhèngjīngbābǎi"},{"title":"杂七碎八","id":"ZQSB","album":"冯志《敌后武工队》第六章：“有时还背诵一遍杂七烂八的事。”","translation":"形容十分混杂","pronunciation":"záqīsuìbā"},{"title":"杂七杂八","id":"ZQZB","album":"赵树理《三里湾》：“里面杂七杂八堆得满满的，实在找不下个腾的地方！”","translation":"形容东西非常混杂，或事情非常杂乱。","pronunciation":"záqīzábā"}]}