{"items":[{"title":"版版六十四","id":"BBLSS","album":"清顾张思《土风录》第13卷：“古执不活动，呵为‘版版六十四’。此钱居中语也。”","translation":"形容做事死板，不知变通。","pronunciation":"bǎnbǎnliùshísì"},{"title":"板板六十四","id":"BBLSS","album":"清范寅《越谚数目之谚》：“板板六十四，铸钱定例也，喻不活。”","translation":"宋时官铸铜钱，每板六十四文，不得增减。比喻刻板不知变通。板：即“版”，铸钱的模子。","pronunciation":"bǎnbǎnliùshísì"},{"title":"不管三七二十一","id":"BGSQESY","album":"明冯梦龙《警世通言杜十娘怒沉百宝箱》：“左手交银，右手交人，若三日没有来时，老身也不管三七二十一，公子不公子，一顿孤拐打那光棍出去。”","translation":"不顾一切，不问是非情由","pronunciation":"bùguǎnsānqīèrshíyī"},{"title":"八九不离十","id":"BJBLS","album":"老舍《柳屯的》：“我不敢说是明白他，不过讲猜测的话，我或者能猜个八九不离十。”","translation":"指与实际情况很接近。","pronunciation":"bājiǔbùlíshí"},{"title":"拔十得五","id":"BSDW","album":"《新唐书张九龄传》：“夫吏部尚书、侍郎，以贤而授者也，岂不能知人？如知之难，拔十得五，斯可矣。”","translation":"想选拔十个，结果只选得五个。指选拔人才不容易。","pronunciation":"báshídéwǔ"},{"title":"拔十失五","id":"BSSW","album":"《三国志蜀书庞统传》：“今拔十失五，犹得其半，而可以崇迈世数，使有志者自励，不亦可乎？”","translation":"指选拔人才而失其半数。","pronunciation":"báshíshīwǔ"},{"title":"不问三七二十一","id":"BWSQESY","album":"清·吴趼人《二十年目睹之怪现状》第75回：“逛窑姐儿的人，倘给老爷查着了，他不问三七二十一，当街就打。”","translation":"不顾一切，不问是非情由","pronunciation":"bùwènsānqīèrshíyī"},{"title":"此地无银三十两","id":"CDWYSSL","album":"鲁迅《伪自由书·推背图》：“里巷间有个笑话：……写道‘此地无银三十两’。……就在木板的那一面添上一句道：‘隔壁阿二勿曾偷’。”","translation":"比喻想要隐瞒、掩盖真相，结果反而彻底暴露","pronunciation":"cǐdìwúyínsānshíliǎng"},{"title":"存十一于千百","id":"CSYYQB","album":"语出晋陆机《叹逝赋》：“顾旧要于遗存，得十一于千百。”","translation":"指亡多而存少。","pronunciation":"cúnshíyīyúqiānbǎi"},{"title":"躲过初一，躲不过十五","id":"DGCYDBGSW","album":"马烽《吕梁英雄传》第51回：“以后找机会再抓吧！躲过初一，也躲不过十五，将来总有抓住他的机会哩！”","translation":"指躲避一时，但终究不能根本逃避","pronunciation":"duǒguòchūyī，duǒbùguòshíwǔ"},{"title":"得一望十","id":"DYWS","album":"明·冯梦龙《醒世恒言》第17卷：“日夜思算，得一望十，得十望百，堆积上去，分文不舍得妄费。”","translation":"得：取得；望：希望。才得一分，就想得十分。形容十分贪婪","pronunciation":"déyīwàngshí"},{"title":"发昏章第十一","id":"FHZDSY","album":"明施耐庵《水浒传》第二十六回：“只见头在下，脚在上，倒撞落在当街心里去了，跌得个‘发昏章第十一’！”","translation":"昏头昏脑的风趣话。仿《孝经》“某某章第几”的说法。","pronunciation":"fāhūnzhāngdìshíyī"},{"title":"福无十全","id":"FWSQ","album":"宋·陈亮《祭钱伯同母硕人文》：“子心罔极，福无十全。登进方隆，忍此弃捐。”","translation":"全：完备，齐全。有福的事不可能十全十美没有缺陷","pronunciation":"fúwúshíquán"},{"title":"各打五十大板","id":"GDWSDB","album":"刘心武《钟鼓楼》第五章：“七姑‘各打五十大板’地尖声评论说：‘这是怎么回子事哟？瞧你们请来的这些个人！’”","translation":"各：各自。给双方同样的待遇或不分清责任，让双方共同承担责任","pronunciation":"gèdǎwǔshídàbǎn"},{"title":"归十归一","id":"GSGY","album":"白诚仁、何纪光《小红军》：“你看他，又背红缨枪又拿手榴弹，收拾得归十归一，真像个久经锻炼的红军战士了。”","translation":"谓有条有理。","pronunciation":"guīshíguīyī"},{"title":"九变十化","id":"JBSH","album":"宋张君房《序》：“至如三奔三景之妙，九变十化之精，各探其门，互称要妙。”","translation":"指变化多端","pronunciation":"jiǔbiànshíhuà"},{"title":"金钗十二","id":"JSE","album":"南朝梁·武帝《河中之水歌》：“头上金钗十二行，足下丝履五文章。”","translation":"原形容妇女头上首饰多。后指人姬妾多。","pronunciation":"jīnchāishíèr"},{"title":"九故十亲","id":"JGSQ","album":"元·关汉卿《哭存孝》第二折：“又不曾相趁着狂朋怪友，又不曾关节做九故十亲。”元·石德玉《秋胡戏妻》第二折：“爹爹也，全不怕九故十亲笑耻。”","translation":"泛指亲戚朋友。","pronunciation":"jiǔgùshíqīn"},{"title":"九流十家","id":"JLSJ","album":"汉刘安《七略诸子略》中把诸子思想分为十家，即：儒、道、阴阳、法、名、墨、纵横、杂、农、小说十家，除掉小说家，就称为九流。","translation":"先秦到汉初各种学说派别的总称。","pronunciation":"jiǔliúshíjiā"},{"title":"九曲十八弯","id":"JQSBW","album":"清·吴璿《飞龙全传》第七回：“待我引他到九曲十八弯中，唤我那结义兄弟出来，就好与他算账。”","translation":"曲：曲折；弯：不直。指十分弯曲","pronunciation":"jiǔqūshíbāwān"},{"title":"九儒十丐","id":"JRS","album":"宋·郑恩肖《心史》：“一官、二吏、三僧、四道、五医、六工、七猎、八民、九儒、十丐。”","translation":"儒：旧指读书人。元代统治者把人分为十等，读书人列为九等，居于末等的乞丐之上。后指知识分子受到歧视和苛待。","pronunciation":"jiǔrúshígài"},{"title":"九十春光","id":"JSCG","album":"五代·南唐·陈陶《春归去》：“九十春光在何处？古人今人留不住。”","translation":"九十：90天；春光：指春天。指整个春天","pronunciation":"jiǔshíchūnguāng"},{"title":"举十知九","id":"JSZJ","album":"唐张说《唐故豫州刺史魏君神道碑》：“圣人之所志，闻一而反三；君子之所能，举十而知九。”","translation":"列举出的十件事情中，通晓的就有九件。比喻学识渊博。","pronunciation":"jǔshízhījiǔ"},{"title":"君子报仇，十年不晚","id":"JZBCSNBW","album":"《儿女风尘记》：“孩子，君子报仇，十年不晚！你把这笔账牢牢地记在心里！”","translation":"君子：泛指品德高尚的人。指有志之士报仇雪恨不必性急，等待时机再动手","pronunciation":"jūnzǐbàochóu，shíniánbùwǎn"},{"title":"目下十行","id":"MXSX","album":"《京本通俗小说·拗相公》：“一个首相姓王名安石，临川人也。此人目下十行，书穷万卷。”","translation":"形容看书速度极快。","pronunciation":"mùxiàshíxíng"},{"title":"女大十八变","id":"NDSBB","album":"宋释道原《景德传灯录幽州谭空和尚》：“龙女有十八变，汝与老僧试一变看。”","translation":"指女子在发育成长过程中，容貌性格有较多的变化。","pronunciation":"nǚdàshíbābiàn"},{"title":"驽马十驾","id":"MSJ","album":"先秦荀况《荀子劝学》：“骐骥一跃，不能十步；驽马十驾，功在不舍。”","translation":"原意是骏马一天的路程，驽马虽慢，但努力不懈，走十天也可以到达。比喻智力低的人只要刻苦学习，也能追上资质高的人。","pronunciation":"númǎshíjià"},{"title":"驽马十舍","id":"MSS","album":"《淮南子·齐俗训》：“夫骐骥千里，一日而通；驽马十舍，旬亦至之。”","translation":"见“驽马十驾”。","pronunciation":"númǎshíshě"},{"title":"平原十日饮","id":"PYSRY","album":"西汉·司马迁《史记·范雎传》：“寡人闻君之高义，愿与君为布衣之友，君幸过寡人，寡人愿与为十日饮。”","translation":"平原：战国时期赵国公子平原君；十日饮：连日的设宴招待。平原君为待客而举办的大规模酒宴。指朋友之间的欢宴","pronunciation":"píngyuánshírìyǐn"},{"title":"七老八十","id":"QLBS","album":"明·凌濛初《初刻拍案惊奇》第十卷：“赶得那七老八十的都起身嫁人去了。”","translation":"形容年纪很大。","pronunciation":"qīlǎobāshí"},{"title":"七十二变","id":"QSEB","album":"毛泽东《矛盾论》：“神话中的许多变化，例如《山海经》中所说的‘夸父追日’，《淮南子》中所说的‘羿射九日’，《西游记》中所说的孙悟空七十二变……”","translation":"变化多端的策略、手法和方法","pronunciation":"qīshíèrbiàn"},{"title":"七十二行","id":"QSEX","album":"陶行知《自动学校贺诗》：“有个学校真奇怪，小孩自动教小孩。七十二行皆先生，先生不在学如在。”","translation":"泛指各行各业。","pronunciation":"qīshíèrháng"},{"title":"人生七十古来稀","id":"RSQSGLX","album":"唐杜甫《曲江》诗：“酒债寻常行处有，人生七十古来稀。”","translation":"稀：稀少。七十岁高龄的人从古以来就不多见。指得享高寿不易。","pronunciation":"rénshēngqīshígǔláixī"},{"title":"十八般兵器","id":"SBBBQ","album":"清郭小亭《济公全传》第六十回：“马静一瞧，大殿前摆着家伙，十八般兵器，一应俱全。”清文康《儿女英雄传》第八回：“若论十八般兵器，我［十三妹］都算拿得起。”","translation":"本指刀枪剑戟等十八种古式兵器。后泛指多种武器。亦比喻多种技能。","pronunciation":"shíbābānbīngqì"},{"title":"十八般武艺","id":"SBBWY","album":"元杨梓《敬德不伏老》第一折：“凭着俺十八般武艺，定下了六十四处征尘。”明施耐庵《水浒传》第二回：“史进每日求王教头点拨十八般武艺，一一从头指教。那十八般武艺？矛锤弓弩铳，鞭锏剑链挝，斧钺并戈戟，牌棒与枪叉。”","translation":"①使用十八般兵器的本领。亦泛指多种武艺。②比喻多种技能。","pronunciation":"shíbābānwǔyì"},{"title":"十八层地狱","id":"SBCDY","album":"明凌濛初《初刻拍案惊奇》卷三十五：“我赖了你的，我堕十八层地狱。”明冯梦龙《喻世明言》第九卷：“分明是十八层地狱的苦鬼，直升到三十三天去了。”","translation":"层：重。地狱：佛教、基督教等指死后灵魂受苦的地方。迷信认为人在生时为非作恶，死后进入十八层地狱，不得翻身。比喻悲惨的报应。","pronunciation":"shíbācéngdìyù"},{"title":"十不当一","id":"SBDY","album":"汉·荀悦《汉纪·文帝纪下》：“土山平陵，漫衍相属，平原广野，此车骑之地也，步兵十不当一。”","translation":"十个不抵一个。谓人虽多但不顶用。","pronunciation":"shíbùdāngyī"},{"title":"十步芳草","id":"SBFC","album":"汉刘向《说苑谈丛》：“十步之泽，必有香草；十室之邑，必有忠士。”汉王符《潜夫论实贡》：“夫十步之间，必有茂草；十室之邑，必有俊士。”","translation":"芳草：香草。比喻处处都有人才。","pronunciation":"shíbùfāngcǎo"},{"title":"十步九回头","id":"SBJHT","album":"元·高明《琵琶记·伯喈夫妻分别》：“他那里，漫凝眸，正是马行十步九回头。”","translation":"走十步，回头看九次。形容恋恋不舍。比喻犹豫不定","pronunciation":"shíbùjiǔhuítóu"},{"title":"十病九痛","id":"SBJT","album":"清·曹雪芹《红楼梦》第一百二回：“如今我的身子是十病九痛的，你二嫂子也是三日好两日不好。”","translation":"形容浑身病痛。","pronunciation":"shíbìngjiǔtòng"},{"title":"三百六十行","id":"SBLSX","album":"明无名氏《白兔记投军》：“左右的，与我扯起招军旗，叫街坊上民庶，三百六十行做买卖的，愿投军者，旗下报名。”","translation":"旧时对各行各业的通称。","pronunciation":"sānbǎiliùshíháng"},{"title":"十变五化","id":"SBWH","album":"北齐·颜之推《颜氏家训·归心》：“世有祝师及诸幻术，犹能履火蹈刃，种瓜移井，倏忽之间，十变五化。”","translation":"谓变化多端。","pronunciation":"shíbiànwǔhuà"},{"title":"十步香草","id":"SBXC","album":"汉·刘向《说苑·谈丛》：“十步之泽，必有香草，十室之邑，必有忠士。”","translation":"比喻处处都有人才。","pronunciation":"shíbùxiāngcǎo"},{"title":"十步之内，自有芳草","id":"SBZNZYFC","album":"《隋书·炀帝纪》：“方今宇宙平一，文轨攸同，十步之内，必有芳草，四海之中，岂天奇秀！”","translation":"芳草：香草，比喻美德。比喻处处都有人才","pronunciation":"shíbùzhīnèi，zìyǒufāngcǎo"},{"title":"十步之内，必有芳草","id":"SBZNBYFC","album":"汉·刘向《说苑·谈丛》：“十步之泽，必有香草；十室之邑，必有忠士。”","translation":"芳草：香草，比喻美德。比喻处处都有人才","pronunciation":"shíbùzhīnèi，bìyǒufāngcǎo"},{"title":"十成九稳","id":"SCJW","album":"元·李行道《灰阑记》第二折：“我则道嫁良人十成九稳，今日个越不见末尾三稍。”","translation":"谓相当稳妥可靠。","pronunciation":"shíchéngjiǔwěn"},{"title":"十冬腊月","id":"SDLY","album":"清·无名氏《刘公案》第59回：“十冬腊月喝凉水，临死埋在灶火坑。”","translation":"指阴历十月、十一、十二月天气寒冷的季节。","pronunciation":"shídōnglàyuè"},{"title":"十荡十决","id":"SDSJ","album":"《乐府诗集·杂歌谣辞·陇上歌》：“陇上壮士有陈安，躯干虽小腹中宽，七尺大刀奋如湍，丈八蛇矛左右盘，十荡十决无当前。”","translation":"荡：冲杀；决：冲破堤岸。形容多次冲杀，每次都能突破敌阵","pronunciation":"shídàngshíjué"},{"title":"胜读十年书","id":"SDSNS","album":"《二程全书遗书二十二上伊川语录》：“古人有言曰：‘共君一夜话，胜读十年书。’若一日有所得，何止胜读十年书也。”","translation":"胜：超过。超过苦读十年书的收获。形容思想上收益极大。","pronunciation":"shèngdúshíniánshū"},{"title":"十恶不赦","id":"SEBS","album":"元关汉卿《窦娥冤》第四折：“这药死公公的罪名，犯在十恶不赦。”","translation":"十恶：旧刑律中规定的十种重罪。指罪恶极大；不可饶恕。","pronunciation":"shíèbùshè"},{"title":"十二道金牌","id":"SEDJP","album":"《宋史·岳飞传》：“言飞孤军不可久留，乞令班师。一日奉十二金字牌，飞愤惋泣下。”","translation":"金牌：宋代传递赦书及军事上最紧急的命令用的金牌。比喻紧急的命令","pronunciation":"shíèrdàojīnpái"},{"title":"十二金牌","id":"SEJP","album":"《宋史岳飞传》：“言飞孤军不可久留，乞令班师。一日奉十二金字牌，飞愤惋泣下。”","translation":"金牌：宋代敕书及紧急军命，用金字牌，由内侍省派人速送。比喻紧急的命令。","pronunciation":"shíèrjīnpái"},{"title":"识二五而不知十","id":"SEWEBZS","album":"西汉司马迁《史记越王勾践世家》：“且王之所求者，斗晋楚也；晋楚不斗，越兵不起，是知二五而不知十也。”","translation":"只知道一个方面，而不懂得全面地观察问题。","pronunciation":"shíèrwǔérbùzhīshí"},{"title":"十二万分","id":"SEWF","album":"王朔《我是你爸爸》：“我要向你道歉，我要十二万分诚恳向你道歉，请你原谅。”","translation":"形容程度极深。","pronunciation":"shíèrwànfēn"},{"title":"十恶五逆","id":"SEWN","album":"元·无名氏《杀狗劝夫》第二折：“嫂嫂也，我不曾犯十恶五逆，这一个家缘儿都被你收拾。”","translation":"谓种种不可赦免的大罪。","pronunciation":"shíèwǔnì"},{"title":"十夫桡椎","id":"SFZ","album":"东汉·班固《汉书·中山靖王刘胜传》：“夫众煦漂山，聚蚊成雷，朋党执虎，十夫桡椎。”","translation":"见“十夫楺椎”。","pronunciation":"shífūráozhuī"},{"title":"十发十中","id":"SFSZ","album":"南朝·宋·范晔《后汉书·陈敬璞传》：“宠善弩射，十发十中，中皆同死。”","translation":"射十次皆中的。形容善射。","pronunciation":"shífāshízhōng"},{"title":"十风五雨","id":"SFWY","album":"宋陆游《村居初夏》诗：“斗酒只鸡人笑乐，十风五雨岁丰穰。”","translation":"十天一刮风，五天一下雨。形容风调雨顺，气候适宜。","pronunciation":"shífēngwǔyǔ"},{"title":"十夫楺椎","id":"SF�QZ","album":"西汉·刘向《战国策·秦策》：“闻三人成虎，十夫楺椎，众口所移，毋翼而飞。”","translation":"谓十个人的力量能使椎弯曲。椎，槌。比喻人多力大，足以改变原状。","pronunciation":"shífūzhīzhuī"},{"title":"十光五色","id":"SGWS","album":"清·归懋仪《百字令·答龚璱人公子即和原韵》词：“王台问字，料理吾乡去。海东云起，十光五色争睹。”","translation":"形容景象纷繁，色彩绚丽。","pronunciation":"shíguāngwǔsè"},{"title":"十行俱下","id":"SXJX","album":"《梁书简文帝纪》：“读书十行俱下，九流百氏，经目必记。”","translation":"眼睛一瞥就能看下十行文字。形容读书极快。","pronunciation":"shíhángjùxià"},{"title":"十寒一暴","id":"SHYB","album":"金·元好问《戏题新居二十韵》：“就中此宅尤费手，官织工材半佣顾。十寒一暴半载强，才得安床置铛釜。”","translation":"冻十天，晒一天。比喻做事时而抓紧，时而懈怠，进展不快。","pronunciation":"shíhányībào"},{"title":"十家锅灶九不同","id":"SJGZJBT","album":"李茂荣《人望幸福树望春》：“你姓张，他姓李，人多心多，十家锅灶九不同。”","translation":"比喻各有各的想法，各有各的做法，很难求得一致","pronunciation":"shíjiāguōzàojiǔbùtóng"},{"title":"声价十倍","id":"SJSB","album":"清李绿园《歧路灯》第95回：“这大人们伯乐一顾，便声价十倍，何愁那州县不极力奉承。”","translation":"声价：声望和社会地位。比喻名誉地位大大增高。","pronunciation":"shēngjiàshíbèi"},{"title":"十浆五馈","id":"SJWK","album":"典出《列子·黄帝》：“子列子之齐，中道而反，遇伯昏瞀人。伯昏瞀人曰：‘奚方而反？’曰：‘吾惊焉。’‘恶乎惊？’‘吾食于十浆，而五浆先馈。’”","translation":"典出《列子黄帝》：“子列子之齐，中道而反，遇伯昏瞀人。伯昏瞀人曰：‘奚方而反？’曰：‘吾惊焉。’‘恶乎惊？’‘吾食于十浆，而五浆先馈。’”谓十家卖浆者之中有五家争先送来。本谓卖浆者争利，后用以比喻争相设宴款待。","pronunciation":"shíjiāngwǔkuì"},{"title":"十拷九棒","id":"SKJB","album":"元·郑廷玉《后庭花》第二折：“待要你十拷九棒，万死千生，打杀这个射粮军，哥也，你可甚么那得甚福。”","translation":"谓严刑拷打。","pronunciation":"shíkǎojiǔbàng"},{"title":"十口相传","id":"SKXC","album":"茅盾《第二天》：“于是接连地来了许多十口相传的‘战报’，日本海军司令部已经被我方占领了。”","translation":"许多人辗转相传。","pronunciation":"shíkǒuxiāngchuán"},{"title":"十里长亭","id":"SLCT","album":"《白孔六帖》卷九：“十里一长亭，五里一短亭。”","translation":"秦汉时每十里设置一亭，以后每五里有一短亭，供行人何处，亲友远行常在此话别。","pronunciation":"shílǐchángtíng"},{"title":"十里无真言","id":"SLWZY","album":"黎汝青《叶秋红》：“十里无真言，总是越传越玄。”","translation":"远处传来的消息不可轻信","pronunciation":"shílǐwúzhēnyán"},{"title":"十里洋场","id":"SLYC","album":"茅盾《健美》：“我们这十里洋场实在还不过是畸形的殖民地化的资本主义社会。”","translation":"①旧时上海的租界区域因外国人较多，洋货充斥，或称十里洋场；后因以借指旧上海市区。多含贬义。②泛指繁荣的市场。","pronunciation":"shílǐyángchǎng"},{"title":"十米九糠","id":"SMJK","album":"元·关汉卿《救风尘》第三折：“拼着个十米九糠，问甚么两妇三妻，受了些万苦千辛。”","translation":"饭食中多糠。形容穷苦。","pronunciation":"shímǐjiǔkāng"},{"title":"十磨九难","id":"SMJN","album":"","translation":"指不断遭受的磨难","pronunciation":"shímójiǔnàn"},{"title":"十面埋伏","id":"SMMF","album":"《前汉书平话》中卷：“会天下诸侯，困羽九重山前，信定十面埋伏。”","translation":"意思是设伏兵于十面以围歼敌军。","pronunciation":"shímiànmáifú"},{"title":"十目所视","id":"SMSS","album":"西汉·戴圣《礼记·大学》：“十目所视，十手所指，其严乎。”","translation":"见“十目所视，十手所指”。","pronunciation":"shímùsuǒshì"},{"title":"十目所视，十手所指","id":"SMSSSSSZ","album":"西汉戴圣《礼记大学》：“十目所视，十手所指，其严乎。”","translation":"指个人的言论行动总是在群众的监督之下，不允许做坏事，做了也不可能隐瞒。","pronunciation":"shímùsuǒshì，shíshǒusuǒzhǐ"},{"title":"十年窗下","id":"SNCX","album":"元·刘祁《归潜志》第七卷：“古人谓十年窗下无人问，一举成名天下知。”","translation":"科举时代，读书人要取得功名，终年埋头在书本里。形容十年时间闭门苦读。","pronunciation":"shíniánchuāngxià"},{"title":"十年读书","id":"SNDS","album":"《宋书·沈攸之传》：“攸之晚好读书，手不释卷，《史》、《汉》多所谙忆，常叹曰：‘早知穷达有命，恨不十年读书。’”","translation":"谓长期努力于学业。","pronunciation":"shíniándúshū"},{"title":"十年寒窗","id":"SNHC","album":"元·刘祁《归潜志》卷七：“古人谓十年窗下无人问，一举成名天天下知。”","translation":"形容长年刻苦读书。","pronunciation":"shíniánhánchuāng"},{"title":"十年九不遇","id":"SNJBY","album":"","translation":"比喻很少有，多年也难遇到一次。","pronunciation":"shíniánjiǔbùyù"},{"title":"十拿九稳","id":"SNJW","album":"清文康《儿女英雄传》：“如此一行，只怕这事例有个十拿九稳也不见得。”","translation":"形容很有把握；十分可靠。","pronunciation":"shínájiǔwěn"},{"title":"十年磨剑","id":"SNMJ","album":"唐贾岛《剑客》诗：“十年磨一剑，霜刃未曾试。今日把似君，谁为不平事？”","translation":"比喻多年刻苦磨练。","pronunciation":"shíniánmójiàn"},{"title":"十年生聚","id":"SNSJ","album":"春秋·鲁·左丘明《左传·哀公元年》：“越十年生聚，而十年教训，二十年之外，吴其为沼乎！”","translation":"比喻培养实力，为报仇雪耻作长期的准备","pronunciation":"shíniánshēngjù"},{"title":"十年生聚，十年教训","id":"SNSJSNJX","album":"《左传·哀公元年》：“越十年生聚，而十年教训，二十年之外，吴其为沼乎！”","translation":"生聚：繁殖人口，聚积物力；教训：教育，训练。指军民同心同德，积聚力量，发愤图强，以洗刷耻辱。","pronunciation":"shíniánshēngjù，shíniánjiàoxùn"},{"title":"十年树木，百年树人","id":"SNSMBNSR","album":"先秦管仲《管子权修》：“一年之计，莫如树谷；十年之计，莫如树木；终身之计，莫如树人。”","translation":"树：培植，培养。比喻培养人才是长久之计。也表示培养人才很不容易。","pronunciation":"shíniánshùmù，bǎiniánshùrén"},{"title":"十拿十稳","id":"SNSW","album":"清·张南庄《何典》：“活鬼道：‘既是天尊显圣，将来生子是十拿十稳的了。’”","translation":"稳：稳当，准确。比喻很有把握，十分可靠","pronunciation":"shínáshíwěn"},{"title":"十全大补","id":"SQDB","album":"清·吴趼人《二十年目睹之怪现状》第85回：“只见一个医生在那里和他诊脉，开了脉案，定了一个十全大补汤加减，便去了。”","translation":"药名。含有十种名贵的滋补药物。比喻某项方案或方法对事情有巨大补益","pronunciation":"shíquándàbǔ"},{"title":"十亲九故","id":"SQJG","album":"元尚仲贤《柳毅传书》第一折：“受千辛万苦，想十亲九故，在三江五湖。”","translation":"形容亲戚朋友很多。","pronunciation":"shíqīnjiǔgù"},{"title":"十亲九眷","id":"SQJJ","album":"明·冯梦龙《喻世明言》第十卷：“梅氏和善述到来，见十亲九眷都在眼前，一一相见了，也不免说几句求情的话儿。”","translation":"众多亲戚。","pronunciation":"shíqīnjiǔjuàn"},{"title":"十清九浊","id":"SQJZ","album":"明·凌濛初《初刻拍案惊奇》第20卷：“随你有万分不是处，也只得依顺了他。所以那家庭间每每被这等人，吵得十清九浊。”","translation":"清：清澄；浊：浑浊。指混乱不堪","pronunciation":"shíqīngjiǔzhuó"},{"title":"十全十美","id":"SQSM","album":"清陈朗《雪月梅传》：“贤侄出门也得放心，岂不是十全十美。”","translation":"十分完美；毫无欠缺。","pronunciation":"shíquánshíměi"},{"title":"神气十足","id":"SQSZ","album":"毛泽东《湖南农民运动考察报告》：“农会于是神气十足了。”","translation":"形容摆出一副自以为高人一等而了不起的样子。","pronunciation":"shénqìshízú"},{"title":"十日并出","id":"SRBC","album":"战国·宋·庄周《庄子·齐物论》：“昔者十日并出，万物皆照，而况德之进乎日者乎！”","translation":"①古代神话传说天本有十个同时出现的太阳。②比喻暴乱并起。","pronunciation":"shírìbìngchū"},{"title":"十日一水，五日一石","id":"SRYSWRYS","album":"唐·杜甫《戏题王宰画山水图歌》：“十日画一水，五日画一石，能事不受相促迫，王宰始肯留真迹。”","translation":"比喻作画构思精密，不轻易下笔。","pronunciation":"shírìyīshuǐ，wǔrìyīshí"},{"title":"十日之饮","id":"SRZY","album":"《史记·范睢蔡泽列传》：“寡人闻君之高义，愿与君为布衣之友，君幸过寡人，寡人愿与君为十日之饮。”","translation":"比喻朋友连日尽情欢聚。","pronunciation":"shírìzhīyǐn"},{"title":"十死不问","id":"SSBW","album":"《北史·艺术传·皇甫玉》：“孝昭赐赵郡王十死不问，王喜曰：‘皇甫玉相臣，云当恶死，今复何虑？’”","translation":"谓即使犯十次死罪也予宽恕。","pronunciation":"shísǐbùwèn"},{"title":"十世单传","id":"SSDC","album":"鲁迅《呐喊·药》：“他的精神，现在只在一个包上，仿佛抱着一个十世单传的婴儿，别的事情，都已置之度外了。”","translation":"连续十代独子相传。形容极其宝贵。","pronunciation":"shíshìdānchuán"},{"title":"三十而立","id":"SSEL","album":"先秦孔子《论语为政》：“吾十有五而志于学，三十而立。”","translation":"指人在三十岁前后有所成就。","pronunciation":"sānshíérlì"},{"title":"十死九活","id":"SSJH","album":"明·施耐庵《水浒传》第一百九回：“降者三万人，除那逃走脱的，其余都是十死九活，七损八伤，颠翻在地，被人马践踏，骨肉如泥的，不计其数。”","translation":"形容难以幸存。","pronunciation":"shísǐjiǔhuó"},{"title":"十室九空","id":"SSJK","album":"晋葛洪《抱朴子用刑》：“天下欲反，十室九空。”","translation":"形容人民大量死亡或逃亡后的荒凉景象。","pronunciation":"shíshìjiǔkōng"},{"title":"十室九匮","id":"SSJ","album":"宋·欧阳修《新唐书·西域传上·高昌》：“今高昌诛灭，威动四夷，然自王师始征，河西供役，飞米转刍，十室九匮，五年未可复。”","translation":"形容因各种自然或社会的原因而造成百姓贫困的景象。匮，指财物匮乏。","pronunciation":"shíshìjiǔkuì"},{"title":"十生九死","id":"SSJS","album":"唐韩愈《八月十五赠张功曹》诗：“十生九死到官所，幽居默默如藏逃。下床畏蛇食畏药，海气湿蛰熏腥臊。”","translation":"形容历尽艰险。","pronunciation":"shíshēngjiǔsǐ"},{"title":"三十六策，走是上计","id":"SSLCZSSJ","album":"《南齐书·王敬则传》：“檀公三十六策，走是上计，汝父子唯应急走耳。”","translation":"指事情已经到了无可奈何的地步，没有别的好办法，只能出走了事","pronunciation":"sānshíliùcè，zǒushìshàngjì"},{"title":"三十六策，走为上策","id":"SSLCZWSC","album":"《南齐书王敬则传》：“檀公三十六策，走是上计，汝父子唯应急走耳。”","translation":"原指无力抵抗敌人，以逃走为上策。后指事情已经到了无可奈何的地步，没有别的好办法，只能出走。","pronunciation":"sānshíliùcè，zǒuwéishàngcè"},{"title":"三十六行","id":"SSLX","album":"清·李渔《玉搔头》：“三十六行，行行相妒。”","translation":"旧时对各行各业的通称。","pronunciation":"sānshíliùháng"},{"title":"三十六计，走为上计","id":"SSLJZWSJ","album":"《南齐书王敬则传》：“檀公三十六策，走是上计，汝父子唯应急走耳。”","translation":"原本指无力与敌人对抗；最好是避开。后指事情已经到了无可奈何的地步；没有别的好办法；只能出走。","pronunciation":"sānshíliùjì，zǒuwéishàngjì"},{"title":"三十六着，走为上着","id":"SSLZZWSZ","album":"明·施耐庵《水浒传》第二回：“娘道：‘我儿，三十六着，走为上着，只恐没处走。’”","translation":"着：下棋落子，比喻计策或手段。指事情已经到了无可奈何的地步，没有别的好办法，只能出走了事","pronunciation":"sānshíliùzhāo，zǒuwéishàngzhāo"},{"title":"三十年河东，三十年河西","id":"SSNHDSSNHX","album":"清吴敬梓《儒林外史》第四十六回：“大先生，‘三十年河东，三十年河西’！就像三十年前，你二位府上何等优势，我是亲眼看见的。”","translation":"三十年前风水在河的东面，而三十年后却在河的西面。比喻世事变化，盛衰无常。","pronunciation":"sānshíniánhédōng，sānshíniánhéxī"},{"title":"十室容贤","id":"SSRX","album":"《弘明集·正诬论》：“且十室容贤，而况万里之广！”","translation":"谓只有十户人家的小地方也有贤人。","pronunciation":"shíshìróngxián"},{"title":"三十三天","id":"SSST","album":"《胜鬘宝窟》卷下：“此言三十三天者，中国言悉怛梨余恶卫陵，此中唯取怛梨二字为忉利天也。怛梨，忉利，彼国音不同耳。”","translation":"佛教称欲界第六天为三十三天，即忉利天。后形容最高的地方。","pronunciation":"sānshísāntiān"},{"title":"十鼠同穴","id":"SSTX","album":"晋陈寿《三国志魏志鲍勋传》：“勋无活分，而汝等敢纵之！收三官已下付刺奸，当令十鼠同穴。”","translation":"比喻使集中在一起，一网打尽。","pronunciation":"shíshǔtóngxué"},{"title":"十十五五","id":"SSWW","album":"《乐府诗集·艳歌·何尝行》：“飞来双白鹄，乃从西北来；十十五五，罗列成行。”","translation":"①谓十个一群，五个一组。形容错乱不齐。②谓每十里五里。","pronunciation":"shíshíwǔwǔ"},{"title":"十死一生","id":"SSYS","album":"汉贾谊《新书匈奴》：“爱好有实，已诺可期，十死一生，彼必将至。”","translation":"形容生命非常危险。","pronunciation":"shísǐyīshēng"},{"title":"十鼠争穴","id":"SSZX","album":"《梁书·元帝纪》：“侯景奔窜，十鼠争穴，郭默清夷，晋熙附义。”","translation":"穴：动物的窠巢。比喻坏人聚集互相争斗","pronunciation":"shíshǔzhēngxué"},{"title":"十室之邑，必有忠士","id":"SSZYBYZS","album":"汉·刘向《说苑·谈丛》：“十步之泽，必有芳草；十室之邑，必有忠士。”","translation":"邑：指小城市。即使是十户人家的小城镇，也有忠信的人。指处处都有贤人","pronunciation":"shíshìzhīyì，bìyǒuzhōngshì"},{"title":"十室之邑，必有忠信","id":"SSZYBYZX","album":"春秋·鲁·孔丘《论语·公冶长》：“十室之邑，必有忠信如丘者焉，不如丘之好学也。”","translation":"邑：指小城市。即使是十户人家的小城镇，也有忠信的人。指处处都有贤人","pronunciation":"shíshìzhīyì，bìyǒuzhōngxìn"},{"title":"十手争指","id":"SSZZ","album":"语出《礼记·大学》：“十目所视，十手所指，其严乎！”","translation":"谓人如有不善，众人则争相指责。语本《礼记大学》：“十目所视，十手所指，其严乎！”","pronunciation":"shíshǒuzhēngzhǐ"},{"title":"十万八千里","id":"SWBQL","album":"明吴承恩《西游记》第24回：“行者道：‘十万八千里。十停中还不曾走了一停哩。’”","translation":"形容相距极远。","pronunciation":"shíwànbāqiānlǐ"},{"title":"十五个吊桶打水，七上八落","id":"SWGDTDSQSBL","album":"明·凌濛初《二刻拍案惊奇》第24卷：“自实心里好像十五个吊桶打水，七上八落似的，身子好像墽盘上蚂蚁，一霎也站脚不住。”","translation":"落：下降。比喻心情不安","pronunciation":"shíwǔgèdiàotǒngdǎshuǐ，qīshàngbāluò"},{"title":"十五个吊桶打水，七上八下","id":"SWGDTDSQSBX","album":"明·施耐庵《水浒传》第26回：“那胡正卿心头十五个吊桶打水，七上八下，暗暗地寻思道：‘既是好意请我们吃酒，如何这般相待，不许人动身？’”","translation":"比喻心情不安","pronunciation":"shíwǔgèdiàotǒngdǎshuǐ，qīshàngbāxià"},{"title":"十万火急","id":"SWHJ","album":"老舍《赵子曰》：“赵子曰的脑府连发十万火急的电报警告全国。”","translation":"形容事情紧急到了极点。","pronunciation":"shíwànhuǒjí"},{"title":"十万火速","id":"SWHS","album":"郭沫若《洪波曲》第二章：“我立刻收拾着行李，十万火速地准备出发。”","translation":"形容在紧急情况下动作极快地行事。","pronunciation":"shíwànhuǒsù"},{"title":"十围五攻","id":"SWWG","album":"《孙子·谋攻》：“故用兵之法，十则围之，五则攻之。”","translation":"兵力超过敌人十倍就可以包围它，超过五倍就可以攻击它。","pronunciation":"shíwénwǔgōng"},{"title":"十有八九","id":"SYBJ","album":"唐杜甫《负薪行》：“土风坐男使女立，男当门户女出入。十有八九负薪归，卖薪得钱应供给。”","translation":"指绝大多数，大致不差，差不离。","pronunciation":"shíyǒubājiǔ"},{"title":"十月怀胎","id":"SYHT","album":"毛泽东《反对本本主义》：“调查就像‘十月怀胎’，解决问题就像‘一朝分娩’。调查就是解决问题。”","translation":"比喻事情成熟需要足够的时间","pronunciation":"shíyuèhuáitāi"},{"title":"十羊九牧","id":"SYJM","album":"《隋书杨尚希传》：“所谓民少官多，十羊九牧。”","translation":"十头羊倒用九个人放牧。比喻官多民少，赋税剥削很重。也比喻使令不一，无所适从。","pronunciation":"shíyángjiǔmù"},{"title":"声誉十倍","id":"SYSB","album":"唐·李白《与韩荆州书》：“岂不以有周公之风，躬吐握之事，使海内豪俊，奔走而归之，一登龙门，则声誉十倍。”","translation":"比喻声望名誉地位大大提高","pronunciation":"shēngyùshíbèi"},{"title":"十雨五风","id":"SYWF","album":"前蜀·杜光庭《画五岳诸神醮词》：“上扶邦国，傍祐黎元。调十雨五风以登稼穑，普九州六合以致雍熙。”","translation":"十天下一场雨，五天刮一次风。谓风调雨顺。","pronunciation":"shíyǔwǔfēng"},{"title":"十之八九","id":"SZBJ","album":"《新编五代史平话·唐史》：“今天下之势，归韦温的十之八九。”","translation":"比喻有极大的可能性。","pronunciation":"shízhībājiǔ"},{"title":"十字打开","id":"SZDK","album":"宋·陆九渊《象山集·象山语录》：“孟子十字打开更无隐遁，盖时不同也。”","translation":"比喻说话明白无隐，开门见山","pronunciation":"shízìdǎkāi"},{"title":"十载寒窗","id":"SZHC","album":"元石子章《竹坞听琴》第三折：“十载寒窗积雪余，读得人间万卷书。”","translation":"载：年。指长期苦读。","pronunciation":"shízǎihánchuāng"},{"title":"十转九空","id":"SZJK","album":"明·凌濛初《初刻拍案惊奇》卷十二：“岂知家私有数，经不得十转九空，似此三年，渐渐凋耗。”","translation":"十次去九次空着手回来。形容赌博经常输钱。","pronunciation":"shízhuǎnjiǔkōng"},{"title":"十字街口","id":"SZJK","album":"明·施耐庵《水浒传》第四十回：“当下去十字街口，不问军官百姓，杀得尸横遍野，血流成渠。”","translation":"十字街头。","pronunciation":"shízìjiēkǒu"},{"title":"十字街头","id":"SZJT","album":"元无名氏《村乐堂》：“则这金钗儿是二人口内的招伏状，更压着那十字街头犯由榜，这公事不虚诳。”","translation":"指纵横交叉；繁华热闹的街道。也指人世间；现实社会。","pronunciation":"shízìjiētóu"},{"title":"十捉九着","id":"SZJZ","album":"明·施耐庵《水浒传》第24回：“老身这条计，是个上着……端的强如孙武子教女兵，十捉九着。”","translation":"比喻很有把握。","pronunciation":"shízhuōjiǔzhe"},{"title":"十字路口","id":"SZLK","album":"鲁迅《华盖集北京通信》：“但不幸我竟力不从心，因为我自己也正站在歧路上，——或者说得较有希望些：站在十字路口。”","translation":"两条道路交叉的地方。比喻处在对重大事情需要决定怎样选择的境地。","pronunciation":"shízìlùkǒu"},{"title":"十字路头","id":"SZLT","album":"明·施耐庵《水浒传》第一百十回：“刽子手叫起恶杀都来，恰好午时三刻，将王庆押到十字路头，读罢犯由，如法凌迟处死。”","translation":"道路横直交叉的地方。","pronunciation":"shízìlùtóu"},{"title":"十指连心","id":"SZLX","album":"明汤显祖《南柯记情尽》：“哎也！焚烧十指连心痛，图得三生见面圆。”","translation":"十个指头连着心。表示身体的每个小部分都跟心有不可分的关系。比喻亲人跟自身休戚相关。","pronunciation":"shízhǐliánxīn"},{"title":"十战十胜","id":"SZSS","album":"《管子·七法》：“以能击不能，以教卒、教士击驱众、白徒，故十战十胜，百战百胜。”","translation":"谓每战必胜。","pronunciation":"shízhànshíshèng"},{"title":"十指有长短","id":"SZYCD","album":"唐·刘商《拟胡笳十八拍》：“手中十指有长短，截之痛惜皆相似。”","translation":"指：手指。十根手指头有长有短。比喻事物的不一样","pronunciation":"shízhǐyǒuchángduǎn"},{"title":"五风十雨","id":"WFSY","album":"汉王充《论衡是应》：“风不鸣条，雨不破块，五日一风，十日一雨。”","translation":"五天刮一次风，十天下一场雨。形容风调雨顺。","pronunciation":"wǔfēngshíyǔ"},{"title":"五光十色","id":"WGSS","album":"南朝梁江淹《丽色赋》：“五光徘徊，十色陆离。”","translation":"五、十：表示多。形容色泽鲜艳；花样繁多。也比喻事物形形色色。","pronunciation":"wǔguāngshísè"},{"title":"五日一风，十日一雨","id":"WRYFSRYY","album":"汉·王充《论衡·是应》：“风不鸣条，雨不破块，五日一风，十日一雨。”","translation":"五天刮一次风，十天下一场雨。形容风调雨顺","pronunciation":"wǔrìyīfēng，shírìyīyǔ"},{"title":"五十步笑百步","id":"WSBXBB","album":"先秦孟轲《孟子梁惠王上》：“填然鼓之，兵刃既接，弃甲曳兵而走，或百步而后止，或五十步而后止。以五十步笑百步，则何如？”","translation":"败逃五十步的人讥笑败逃一百步的人。比喻缺点或错误性质相同，只有情节或重或轻的区别。","pronunciation":"wǔshíbùxiàobǎibù"},{"title":"问十道百","id":"WSDB","album":"明·洪楩《清平山堂话本·快嘴李翠莲记》：“只是口嘴快些，凡向人前，说成篇，道成溜，问一答十，问十道百。”","translation":"犹言问一答十。","pronunciation":"wènshídàobǎi"},{"title":"问一答十","id":"WYDS","album":"明·施耐庵《水浒传》第75回：“太尉此去，下官手下有个虞侯，能言快语，问一答十，好与太尉提拔事情。”","translation":"形容所知甚多或口齿伶俐。","pronunciation":"wènyīdáshí"},{"title":"闻一知十","id":"WYZS","album":"先秦孔子《论语公冶长》：“赐也何敢望回？回也闻一以知十，赐也闻一以知二。”","translation":"听到一点就能理解很多。形容善于类推。","pronunciation":"wényīzhīshí"},{"title":"行百里者半九十","id":"XBLZBJS","album":"《战国策·秦策五》：“诗云：‘行百里者半九十。’此言末路之难也。”","translation":"走一百里路，走了九十里才算是一半。比喻做事愈接近成功愈要认真对待。","pronunciation":"xíngbǎilǐzhěbànjiǔshí"},{"title":"行百里者半于九十","id":"XBLZBYJS","album":"西汉刘向《战国策秦策五》：“诗云：'行百里者半于九十'，此言末路之难也。”","translation":"走一百里路，走了九十里才算是一半。比喻做事越是接近成功越要认真对待。","pronunciation":"xíngbǎilǐzhěbànyújiǔshí"},{"title":"一百二十行","id":"YBESX","album":"《宣和遗事》前集：“[微宗等]无日歌欢作乐，遂于宫中内列为市肆，令其宫女卖茶卖酒及一百二十行经纪买卖皆全。”","translation":"犹三百六十行。指各种行业。","pronunciation":"yībǎièrshíháng"},{"title":"一部二十四史无从说起","id":"YBESSSWCSQ","album":"张恨水《啼笑姻缘》续集第八回：“她这两句话，问得沈国英很感到一部二十四史无从说起。”","translation":"二十四史：清乾隆时刻《史记》等24部史书。比喻情况复杂，头绪繁多，不知从哪里说起才好","pronunciation":"yībùèrshísìshǐwúcóngshuōqǐ"},{"title":"一部二十四史，不知从何说起","id":"YBESSSBZCHSQ","album":"清·李宝嘉《官场现形记》序：“觉世间变幻之态，无有过于中国官场者……尝苦一部二十四史，不知从何处说起。”","translation":"二十四史：清乾隆时刻《史记》等24部史书。比喻情况复杂，头绪繁多，不知从哪里说起才好","pronunciation":"yībùèrshísìshǐ，bùzhīcónghéshuōqǐ"},{"title":"一传十，十传百","id":"YCSSCB","album":"宋陶彀《清异录丧葬义疾》：“一传十，十传百，展转无穷，故号义疾。”","translation":"原指疾病传染，后形容消息传播极快。","pronunciation":"yīchuánshí，shíchuánbǎi"},{"title":"一尺水十丈波","id":"YCSSZB","album":"明兰陵笑笑生《金瓶梅词话》第88回：“到底还是媒人嘴，一尺水十丈波的。”","translation":"比喻说话夸张，不真实。","pronunciation":"yīchǐshuǐshízhàngbō"},{"title":"一登龙门，身价十倍","id":"YDLMSJSB","album":"唐·李白《与韩荆州书》：“一登龙门，则声誉十倍。”","translation":"忽然得到荣耀，从而身价倍增","pronunciation":"yīdēnglóngmén，shēnjiàshíbèi"},{"title":"一浆十饼","id":"YJSB","album":"《新唐书藩镇传李师道》：“公初不示诸将腹心，而今委以兵，此皆嗜利者，朝廷以一浆十饼诱之，去矣！”","translation":"一碗浆，十个饼。比喻小恩小惠。","pronunciation":"yījiāngshíbǐng"},{"title":"与君一夕话，胜读十年书","id":"YJYXHSDSNS","album":"清·刘鹗《老残游记》第九回：“子平听说，肃然起敬道：‘与君一夕话，胜读十年书！真是闻所未闻！’”","translation":"与你谈一晚上话，让我受益匪浅。形容跟别人交谈的时间虽短，受益却很多","pronunciation":"yǔjūnyīxīhuà，shèngdúshíniánshū"},{"title":"一馈十起","id":"YKSQ","album":"西汉刘安《淮南子汜论训》：“当此之时，一馈而十起，一沐而三捉发，以劳天下之民。”","translation":"吃一顿饭的时间要起来十次。形容事务繁忙。","pronunciation":"yīkuìshíqǐ"},{"title":"一目十行","id":"YMSX","album":"宋刘克庄《杂记六言诗》诗：“五更三点待漏，一目十行读书。”","translation":"看书时同时可以看十行。形容看书非常快。","pronunciation":"yīmùshíháng"},{"title":"一年被蛇咬，十年怕井绳","id":"YNBSYSNPJS","album":"明·凌濛初《初刻拍案惊奇》第一卷：“一年被蛇咬，三年怕草索，说到货物，我就没有胆气了。”","translation":"比喻在某件事情上吃过苦头，以后一碰到类似的事情就害怕。","pronunciation":"yīniánbèishéyǎo，shíniánpàjǐngshéng"},{"title":"一曝十寒","id":"YPSH","album":"先秦孟轲《孟子告子上》：“虽有天下易生之物也，一日暴之，十日寒之，未有能生者也。”","translation":"曝：晒。原意是说，虽然是最容易生长的植物，晒一天，冻十天，也不可能生长。比喻学习或工作一时勤奋，一时又懒散，没有恒心。","pronunciation":"yīpùshíhán"},{"title":"一暴十寒","id":"YBSH","album":"先秦孟轲《孟子告子上》：“虽有天下易生之物也，一日暴之，十日寒之，未有能生者也。”","translation":"虽然是最容易生长的植物；晒一天；冻十天；也不可能生长。比喻学习或工作一时勤奋；一时又懒散；没有恒心。","pronunciation":"yīpùshíhán"},{"title":"一人传十，十人传百","id":"YRCSSRCB","album":"明·冯梦龙《东周列国志》第四回：“一人传十，十人传百，都道：‘我等背正从逆，天理难容。’”","translation":"指消息由一个人迅速传递开去","pronunciation":"yīrénchuánshí，shírénchuánbǎi"},{"title":"一十八般兵器","id":"YSBBBQ","album":"元关汉卿《哭存孝》第一折：“你放下一十八般兵器，你抡不动那鞭、简、挝、锤。”","translation":"泛指各种兵器。","pronunciation":"yīshíbābānbīngqì"},{"title":"一十八般武艺","id":"YSBBWY","album":"元白朴《梧桐雨》楔子：“臣左右开弓，一十八般武艺，无有不会。”","translation":"泛指各种武术技艺。","pronunciation":"yīshíbābānwǔyì"},{"title":"一十八层地狱","id":"YSBCDY","album":"明吴承恩《西游记》第十一回：“判官道:‘此是阴山背后一十八层地狱。’”","translation":"佛教指极恶众生死后赴受苦之所，包括刀山、火汤、寒冰等十八种。比喻灾难极其深重的境地。也比喻最低的等级。","pronunciation":"yīshíbācéngdìyù"},{"title":"言十妄九","id":"YSWJ","album":"元·尚仲贤《气英布》第三折：“咱则道舌刺刺言十妄九，村棒棒呼幺喝六。”","translation":"形容说话虚妄不实。","pronunciation":"yánshíwàngjiǔ"},{"title":"以五十步笑百步","id":"YWSBXBB","album":"战国·邹·孟轲《孟子·梁惠王上》：“填然鼓之，兵刃既接，弃甲曳兵而走，或百步而后止，或五十步而后止。以五十步笑百步，则何如？”","translation":"作战时败逃五十步的人讥笑败逃一百步的人。比喻缺点或错误性质相同，只有情节或重或轻的区别","pronunciation":"yǐwǔshíbùxiàobǎibù"},{"title":"一五一十","id":"YWYS","album":"明施耐庵《水浒传》第25回：“这妇人听了这话，也不回言，却踅过来，一五一十，都对王婆和西门庆说了。”","translation":"五个；十个地计数。指原原本本；清清楚楚；毫无遗漏。","pronunciation":"yīwǔyīshí"},{"title":"一夜被蛇咬，十日怕麻绳","id":"YYBSYSRPMS","album":"清·李绿园《歧路灯》第73回：“真真‘一夜被蛇咬，十日怕麻绳’光景。”","translation":"一次被蛇咬了，看见井边断了的绳子也害怕。比喻在某事上吃了苦头，以后碰到类似的情况也会害怕","pronunciation":"yīyèbèishéyǎo，shírìpàmáshéng"},{"title":"一以当十","id":"YYDS","album":"《战国策齐策一》：“一而当十，十而当百，百而当千。《史记项羽本纪》：“楚战士无不一以当十，楚兵呼声动天，诸侯军无不人人惴恐。”","translation":"当：相当。一个人抵挡十个人。形容军队英勇善战。","pronunciation":"yīyǐdāngshí"},{"title":"以一当十","id":"YYDS","album":"《战国策齐策一》：“一而当十，十而当百，百而当千。”《史记项羽本纪》：“楚战士无不一以当十，楚兵呼声动天，诸侯军无不人人惴恐。”","translation":"一个人可抵挡十个人。形容以少胜多；英勇善战。","pronunciation":"yǐyīdāngshí"},{"title":"用一当十","id":"YYDS","album":"宋陈善《扪虱新活张巡杀爱妾刘昌斩孤甥》：“君以孤城，用一当十，何以能守？”","translation":"比喻以寡敌众。","pronunciation":"yòngyīdāngshí"},{"title":"寓言十九","id":"YYSJ","album":"战国·宋·庄周《庄子·寓言》：“寓言十九，重言十七。”","translation":"寓言：有所寄托的话；十九：十分之九。十分之九是寓言。泛指文章的情节多属虚构","pronunciation":"yùyánshíjiǔ"},{"title":"一夜十起","id":"YYSQ","album":"","translation":"心里惦挂事情，一晚上起来十次，不得安睡","pronunciation":"yīyèshíqǐ"},{"title":"知二五而不知十","id":"ZEWEBZS","album":"西汉·司马迁《史记·越王勾践世家》：“且王之所求者，斗晋、楚也；晋、楚不斗，越兵不起，是知二五而不知十也。”","translation":"形容只知道某一方面，而不知道综合全面地看","pronunciation":"zhīèrwǔérbùzhīshí"},{"title":"知二五而未识于十","id":"ZEWEWSYS","album":"南朝·梁·刘峻《辩命论》：“同知三者，定乎造化，荣辱之境，独曰由人。是知二五而未识于十。”","translation":"形容只知道某一方面，而不知道综合全面地看","pronunciation":"zhīèrwǔérwèishíyúshí"},{"title":"知一不知十","id":"ZYBZS","album":"汉·桓宽《盐铁论·结和》：“秦知进取之利，而不知鸿门之难，是以知一不知十也。”","translation":"仅知道事物的一个方面而不了解全面","pronunciation":"zhīyībùzhīshí"},{"title":"指一说十","id":"ZYSS","album":"清·李绿园《歧路灯》第30回：“如今把他的锁扭开，明日未必不指一说十，讲那‘走了鱼儿是大的’话。”","translation":"指着一说成是十。形容存心夸大事实","pronunciation":"zhǐyīshuōshí"}]}