{"items":[{"title":"昂藏七尺","id":"ACQC","album":"明汪廷讷《种玉记奇术》：“天付昂藏七尺躯，寻章摘句懒攻儒。”","translation":"指轩昂伟岸的男子汉。","pronunciation":"ángcángqīchǐ"},{"title":"不管三七二十一","id":"BGSQESY","album":"明冯梦龙《警世通言杜十娘怒沉百宝箱》：“左手交银，右手交人，若三日没有来时，老身也不管三七二十一，公子不公子，一顿孤拐打那光棍出去。”","translation":"不顾一切，不问是非情由","pronunciation":"bùguǎnsānqīèrshíyī"},{"title":"不问三七二十一","id":"BWSQESY","album":"清·吴趼人《二十年目睹之怪现状》第75回：“逛窑姐儿的人，倘给老爷查着了，他不问三七二十一，当街就打。”","translation":"不顾一切，不问是非情由","pronunciation":"bùwènsānqīèrshíyī"},{"title":"才高七步","id":"CGQB","album":"南朝宋刘义庆《世说新语文学》：“文帝（曹丕）尝令东阿王（丕弟曹植）七步中作诗，不成者行大法；应声便为诗曰：‘煮豆持作羹，漉豉以为汁；箕在釜下燃，豆在釜中泣。本自同根生，相煎何太急！’”","translation":"形容才思敏捷。","pronunciation":"cáigāoqībù"},{"title":"长七短八","id":"CQDB","album":"马烽《吕梁英雄传》第16回：“康顺风一边点头，一边结结巴巴的央求，喉咙里像塞了一团棉花，半天也没说下个长七短八。”","translation":"指事情的头绪","pronunciation":"chángqīduǎnbā"},{"title":"打蛇打七寸","id":"DSDQC","album":"清吴敬梓《儒林外史》第14回：“我也只愿得无事，落得‘河水不洗船’，但做事也要‘打蛇打七寸’才妙。”","translation":"比喻说话做事必须抓住主要环节。","pronunciation":"dǎshédǎqīcùn"},{"title":"浮图七级，重在合尖","id":"FTQJZZHJ","album":"《新五代史·李菘传》：“为浮屠者，必合其尖。”","translation":"浮图：佛塔；合尖：造好塔尖。比喻办成事情的关键在最后","pronunciation":"fútúqījí，zhòngzàihéjiān"},{"title":"嘎七马八","id":"GQMB","album":"老舍《骆驼祥子》：“他就嘎七马八的买回一大堆食物，给他们俩吃。”","translation":"指毫无条理，乱七八糟","pronunciation":"gāqīmǎbā"},{"title":"横七竖八","id":"HQSB","album":"明施耐庵《水浒传》第34回：“一片瓦砾场上，横七竖八，杀死的男子妇女，不计其数。”","translation":"有的横着；有的竖着。形容杂乱无章；没有条理。","pronunciation":"héngqīshùbā"},{"title":"夹七夹八","id":"JQJB","album":"明冯梦龙《醒世恒言》：“朱世远原有怕婆之病，凭他夹七夹八，自骂自止，并不敢开言。”","translation":"指说话东拉西扯，混杂不清。","pronunciation":"jiāqījiābā"},{"title":"救人一命，胜造七级浮屠","id":"JRYMSZQJFT","album":"明冯梦龙《醒世恒言》第十卷：“官人差矣！不忍之心，人皆有之。救人一命，胜造七级浮屠。若说报答，就是为利了，岂是老汉的本念！”","translation":"指救人性命功德无量。","pronunciation":"jiùrényīmìng，shèngzàoqījífútú"},{"title":"九宗七祖","id":"JZQZ","album":"《冷眼观》第23回：“杀头固然是没有命吃饭，打屁股也是九宗七祖都不得超生的事。”","translation":"泛指祖宗。","pronunciation":"jiǔzōngqīzǔ"},{"title":"开门七件事","id":"KMQJS","album":"清·李渔《无声戏》第八回：“开门七件事，件件不须钱买，取之宫中而有余。”","translation":"比喻每天的必需开支。","pronunciation":"kāiménqījiànshì"},{"title":"零七八碎","id":"LQBS","album":"老舍《老张的哲学》：“今天买皮鞋，明天买白帽子，书钱花得不多，零七八碎差一点没叫我破产。”","translation":"形容又零碎又乱。也指零散而没有系统的事情或没有大用的东西。","pronunciation":"língqībāsuì"},{"title":"乱七八糟","id":"LQBZ","album":"清曾朴《孽海花》第五回：“你看屋里的图书字画，家伙器皿，布置得清雅整洁，不像公坊以前乱七八糟的样子了。”","translation":"形容乱糟糟的样子；毫无条理或秩序。","pronunciation":"luànqībāzāo"},{"title":"乱七八遭","id":"LQBZ","album":"鲁迅《且介亭杂文二集·人生识字胡涂始》：“非常驳杂，脑子给古今各种马队践踏了一通之后，弄得乱七八遭。”","translation":"见“乱七八糟”。","pronunciation":"luànqībāzāo"},{"title":"零七碎八","id":"LQSB","album":"路遥《平凡的世界》第二卷第30章：“两个新人的衣服被褥和零七碎八下来，三五十块钱根本不顶事。”","translation":"指零零碎碎的东西","pronunciation":"língqīsuìbā"},{"title":"七步八叉","id":"QBBC","album":"清·文康《儿女英雄传》第37回：“七步八叉，具有成例；古人击钵催诗，我要击钵了。”","translation":"相传曹植七步成诗，温庭筠凡八叉手而赋成八韵，后因以“七步八叉”形容才思敏捷。","pronunciation":"qībùbāchā"},{"title":"七病八倒","id":"QBBD","album":"","translation":"形容体弱多病。","pronunciation":"qībìngbādǎo"},{"title":"七病八痛","id":"QBBT","album":"清曾朴《孽海花》第24回：“就是在雯青家里，一年到头，上下多少人，七病八痛，都是他包圆儿的。”","translation":"泛指各种各样的病痛","pronunciation":"qībìngbātòng"},{"title":"七步成诗","id":"QBCS","album":"南朝宋·刘义庆《世说新语·文学》：“文帝尝令东阿王七步中作诗，不成者行大法；应声便为诗曰：‘煮豆持作羹，漉菽以为汁；萁在釜下燃，豆在釜中泣；本自同根生，相煎何太急！’帝深有惭色。”","translation":"七步内就能完成一首诗。比喻有才气、文思敏捷。与「七步成章」义同。","pronunciation":"qībùchéngshī"},{"title":"七步成章","id":"QBCZ","album":"明·罗贯中《三国演义》第七十九回：“丕又曰：‘七步成章，吾犹以为迟。汝能应声而作诗一首否？’”","translation":"同“七步成诗”。","pronunciation":"qībùchéngzhāng"},{"title":"七步奇才","id":"QBQC","album":"清·程允升《幼学故事琼林·文事》：“七步奇才，羡天才之敏捷。”","translation":"有七步成诗的才能。比喻人有才气，文思敏捷","pronunciation":"qībùqícái"},{"title":"七步之才","id":"QBZC","album":"南朝宋刘义庆《世说新语文学》：“文帝尝令东阿王七步中作诗，不成者行大法；应声便为诗曰：‘煮豆持作羹，漉菽以为汁；萁在釜下燃，豆在釜中泣；本自同根生，相煎何太急！’”","translation":"形容人有才气；文思敏捷。","pronunciation":"qībùzhīcái"},{"title":"七长八短","id":"QCBD","album":"明施耐庵《水浒传》第63回：“左有顾大嫂，右有孙二娘，引一千余军马，都是七长八短汉，四山五岳人。”","translation":"形容高矮、长短不齐。也指不幸的事。","pronunciation":"qīchángbāduǎn"},{"title":"七穿八洞","id":"QCBD","album":"","translation":"形容破旧不堪。","pronunciation":"qīchuānbādòng"},{"title":"七疮八孔","id":"QCBK","album":"清·李绿园《歧路灯》第66回：“俗话说‘好账不如无。’在我身上一天，就在我心里一天，恨不得一剪剪齐，争乃近日手窘，七疮八孔的，难以骤完。”","translation":"窟窿多。比喻经济上负债累累。","pronunciation":"qīchuāngbākǒng"},{"title":"七穿八烂","id":"QCBL","album":"","translation":"形容破烂不堪。","pronunciation":"qīchuānbālàn"},{"title":"七穿八穴","id":"QCBX","album":"宋·释普济《五灯会元》第45卷：“有时十字街头七穿八穴。”","translation":"穿：洞，孔；穴：窟窿。形容窟窿很多","pronunciation":"qīchuānbāxué"},{"title":"七次量衣一次裁","id":"QCLYYCC","album":"","translation":"比喻事先的调查研究工作做得十分充足。","pronunciation":"qīcìliángyīyīcìcái"},{"title":"七尺之躯","id":"QCZQ","album":"战国·赵·荀况《荀子·劝学》：“口耳之间，则四寸耳，偈足以美七尺之躯哉？”","translation":"躯：身体。成年男子的身躯","pronunciation":"qīchǐzhīqū"},{"title":"七搭八扯","id":"QDBC","album":"","translation":"形容说话漫无边际，没有中心。纠缠；乱搭腔。同“七搭八搭”。","pronunciation":"qīdābāchě"},{"title":"七颠八倒","id":"QDBD","album":"宋朱熹《朱子语类》第51卷：“只当商之季，七颠八倒，上下崩颓。”","translation":"形容十分凌乱。","pronunciation":"qīdiānbādǎo"},{"title":"七搭八搭","id":"QDBD","album":"清·刘鹗《老残游记》第十七回：“这里人瑞却躺到烟炕上去烧烟，嘴里七搭八搭的同老残说话。”清·曾朴《孽海花》第二十四回：“老爷今天七搭八搭，不知道说些什么。”","translation":"①形容说话漫无边际，没有中心。②纠缠；乱搭腔。","pronunciation":"qīdābādā"},{"title":"七担八挪","id":"QDBN","album":"明·兰陵笑笑生《金瓶梅》第14回：“因与众人在吴道官房里算帐，七担八挪缠到这咱晚。”","translation":"一再耽搁拖延。","pronunciation":"qīdānbānuó"},{"title":"七倒八歪","id":"QDBW","album":"","translation":"","pronunciation":"qīdǎobāwāi"},{"title":"七大八小","id":"QDBX","album":"清·刘鹗《老残游记》第十回：“有几张树根的坐具，却是七大八小的不匀。”清·曹雪芹《红楼梦》第一百八回：“这十二钗说是金陵的，怎么家里这些人如今七大八小的就剩了这几个。”","translation":"①大小不一。②零落貌。③谓妻妾众多。","pronunciation":"qīdàbāxiǎo"},{"title":"七断八续","id":"QDBX","album":"《秦并六国平话》卷中：“应荣圣刀头引举三军喊杀，秦兵败走，东砍西伐，七断八续。”","translation":"①形容散乱，不相照应。②断接之处甚多。形容十分破烂。","pronunciation":"qīduànbāxù"},{"title":"七返丹","id":"QFD","album":"东方玉《七步惊龙》第四章：“‘七返丹’功参造化，练气之士，得此一粒，可抵二十年勤修之功，即普通人服之，亦可明目轻身，得享遐龄。”","translation":"传说中的一种丹药，有增功保健的功效。","pronunciation":"qīfǎndān"},{"title":"七返还丹","id":"QFHD","album":"李涵虚《三车秘旨》：“三车者，三件河车也。第一件运气，即小周天子午运火也；第二件运精，即玉液河车，运水温养也；第三件精气兼运，即大周天运先天金汞，七返还丹，九还大丹也。……人能知三车秘谛，则精气神三品圆全，天地人三仙成就。”","translation":"传说中气功修练的一种方法。","pronunciation":"qīfǎnhuándān"},{"title":"七高八低","id":"QGBD","album":"清·曾朴《孽海花》第二十三回：“独自一个，在这七高八低的小路上，一脚绊一脚的望前走去。”","translation":"形容道路不平坦。","pronunciation":"qīgāobādī"},{"title":"七拱八翘","id":"QGBQ","album":"沙汀《选灾》：“么大爷又不依了！说：‘要乱来我们大家乱来！’就这样七拱八翘。”","translation":"形容关系不和谐或心情不舒畅。","pronunciation":"qīgǒngbāqiào"},{"title":"七慌八乱","id":"QHBL","album":"明·冯梦龙《醒世恒言》第27章：“虽然养娘奶子伏侍，到底像小鸡失了母鸡，七慌八乱，啼啼哭哭。”","translation":"形容非常慌张混乱。","pronunciation":"qīhuāngbāluàn"},{"title":"七横八竖","id":"QHBS","album":"明施耐庵《水浒全传》第三十四回：“一片瓦砾场上，横七竖八，杀死的男子妇人，不计其数。”","translation":"有的横，有的竖，杂乱无章。形容纵横杂乱。","pronunciation":"qīhéngbāshù"},{"title":"七行俱下","id":"QXJX","album":"《南史·宋孝武帝纪》：“少机颖，神明爽发，读书七行俱下，才藻美甚。”","translation":"读书，同时读七行。比喻非常聪明。","pronunciation":"qīhángjùxià"},{"title":"七脚八手","id":"QJBS","album":"李昌《回忆民先队》：“我们正七脚八手处理文件，收拾东西，警察已到院内。”","translation":"形容动作忙乱，许多人一齐动手。亦作“七足八手”。","pronunciation":"qījiǎobāshǒu"},{"title":"七孔八洞","id":"QKBD","album":"","translation":"","pronunciation":"qīkǒngbādòng"},{"title":"七开八得","id":"QKBD","album":"老舍《龙须沟》第三幕：“我找二嘎子去啦，找了七开八得，也找不着他！”","translation":"形容反反复复，十分周备。","pronunciation":"qīkāibādé"},{"title":"七口八嘴","id":"QKBZ","album":"鲁迅《坟·我之节烈观》：“既不羞自己怯弱无能，也不提暴徒如何惩办，只是七口八嘴，议论他死了没有，受污没有，死了如何好，活着如何不好。”","translation":"同“七嘴八舌”。","pronunciation":"qīkǒubāzuǐ"},{"title":"七孔生烟","id":"QKSY","album":"清·张春帆《宦海》第八回：“袁太守竟教训起他来，气得七孔生烟，双眉倒竖。”","translation":"同“七窍生烟”。","pronunciation":"qīkǒngshēngyān"},{"title":"七棱八瓣","id":"QLBB","album":"梁实秋《老年》：“脸上的肉七棱八瓣，而且还平添无数雀斑，有时排列有序如星座。”","translation":"比喻四分五裂。","pronunciation":"qīléngbābàn"},{"title":"七拉八扯","id":"QLBC","album":"清·吴趼人《二十年目睹之怪现状》第八二回：“我便和他七拉八扯的先谈起来，喜得他谈锋极好，和他谈谈，倒大可以解闷。”","translation":"①谓漫无边际地闲谈。②谓乱拉来一大堆人。","pronunciation":"qīlābāchě"},{"title":"七老八倒","id":"QLBD","album":"明·寓山居士《鱼儿佛》第一出：“到得那七老八倒，腰驼背曲时候，富的也死，贫的也死。”","translation":"形容年老体衰。","pronunciation":"qīlǎobādǎo"},{"title":"七了八当","id":"QLBD","album":"明·凌濛初《初刻拍案惊奇》第16卷：“将昨夜剩下的米煮的早饭，拂拭净了桌椅。忙忙碌碌做了一朝，七了八当。”","translation":"形容十分妥帖。","pronunciation":"qīlebādāng"},{"title":"七零八落","id":"QLBL","album":"宋释惟白《续传灯录有文禅师》第42卷：“无味之谈，七零八落。”","translation":"零：零碎。形容零散稀疏的样子。特指原来又多又整齐的东西现在零散了。","pronunciation":"qīlíngbāluò"},{"title":"七零八乱","id":"QLBL","album":"路遥《平凡的世界》第一卷第51章：“在金俊文被搬迁的七零八乱的家里，俊文和他的一家人都在哭鼻子。”","translation":"形容非常零乱不堪","pronunciation":"qīlíngbāluàn"},{"title":"七捞八攘","id":"QLBR","album":"宋·朱熹《朱子语类》第59卷：“若存得此心，则气常时清……睡梦里亦七捞八攘，如井水不打便清，只管去打便浊了。”","translation":"到处捞摸扰攘。形容思绪纷乱不宁。","pronunciation":"qīlāobārǎng"},{"title":"七老八十","id":"QLBS","album":"明·凌濛初《初刻拍案惊奇》第十卷：“赶得那七老八十的都起身嫁人去了。”","translation":"形容年纪很大。","pronunciation":"qīlǎobāshí"},{"title":"七零八碎","id":"QLBS","album":"明·冯梦龙《东周列国志》第54回：“一时鱼奔鸟散，被楚兵砍瓜切菜，乱杀一回，杀得四分五裂，七零八碎。”","translation":"①形容残破不堪。②零星琐碎。③指零星的物品。","pronunciation":"qīlíngbāsuì"},{"title":"七老八小","id":"QLBX","album":"冯志《敌后武工队》第五章：“起开，我又不七老八小的，搀着架着干什么？”","translation":"指老人与小孩。老老少少","pronunciation":"qīlǎobāxiǎo"},{"title":"七满八平","id":"QMBP","album":"清·赵翼《锦州刺史刘荫萱驻藏回蜀远寄藏佛一尊赋谢》诗：“刺瑞刻猴地几多，七满八平何处可施巧？”","translation":"形容没有空馀的地方。","pronunciation":"qīmǎnbāpíng"},{"title":"七扭八拗","id":"QNB","album":"清·荑荻散人《玉娇梨》第六回：“拿起读了两遍，虽不深知其味，念来却十分顺口，不似自家的七扭八拗。”","translation":"拗：拗口。形容十分别扭不通顺","pronunciation":"qīniǔbāào"},{"title":"七扭八歪","id":"QNBW","album":"玛拉沁夫《茫茫的草原》第三卷：“正面是一排七扭八歪、表泥剥落的土房。”","translation":"形容不端正。","pronunciation":"qīniǔbāwāi"},{"title":"七男八婿","id":"QNBX","album":"","translation":"同“七子八婿”。","pronunciation":"qīnánbāxù"},{"title":"七年之病，求三年之艾","id":"QNZBQSNZA","album":"《孟子·离娄上》：“今之欲王者，犹七年之病，求三年之艾也。”","translation":"病久了才去寻找治这种病的干艾叶。比喻凡事要平时准备，事到临头再想办法就来不及。","pronunciation":"qīniánzhībìng，qiúsānniánzhīài"},{"title":"七破八补","id":"QPBB","album":"清·吴趼人《二十年目睹之怪现状》第73回：“外面来了一个白须老头子，穿了一件七破八补的棉袍，形状十分瑟缩。”","translation":"形容衣物非常破旧。","pronunciation":"qīpòbābǔ"},{"title":"七拼八凑","id":"QPBC","album":"清李绿园《歧路灯》第41回：“我殡葬婆婆，是我替俺家男人行一辈子的大事，我不心疼钱。况且这织布机，纺花车儿，一个箱子，一张抽斗桌，七拼八凑，卖了也值两千多钱。”","translation":"指把零碎的东西拼凑起来。形容随意拼凑；多而杂乱。","pronunciation":"qīpīnbācòu"},{"title":"七平八稳","id":"QPBW","album":"","translation":"十分稳定，物体处于平衡状态","pronunciation":"qīpíngbāwěn"},{"title":"七七八八","id":"QQBB","album":"清·西周生《醒世姻缘传》第87回：“说那寄姐的不贤良处，也就跟的素姐七七八八的了。”","translation":"①犹言差不多。②犹言零零碎碎，各式各样。","pronunciation":"qīqībābā"},{"title":"七青八黄","id":"QQBH","album":"元王实甫《西厢记》第一本第二折：“量着穷秀才人情只是纸半张，又没甚七青八黄。”","translation":"指钱财。","pronunciation":"qīqīngbāhuáng"},{"title":"七窍玲珑","id":"QQL","album":"老舍《赵子曰》：“鹰鼻、狗眼、猪嘴，加上一颗鲜红多血、七窍玲珑的人心，才完成了一个万物之灵的人。”","translation":"形容聪明灵巧。相传心有七窍，故称。","pronunciation":"qīqiàolínglóng"},{"title":"七窍流血","id":"QQLX","album":"明·施耐庵《水浒传》第25回：“那妇人揭起被来，见了武大咬牙切齿，七窍流血，怕将起来。”","translation":"七窍：指人头上的七个孔，即两眼、两耳、两鼻孔和口。口鼻等处往外流血","pronunciation":"qīqiàoliúxuè"},{"title":"七情六欲","id":"QQLY","album":"清李汝珍《镜花缘》第七回：“至求仙一事，无非远离红尘，断绝七情六欲，一意静修，自然可入仙道了。”","translation":"泛指人的情欲；七情：喜、怒、哀、惧、爱、恶、欲；六欲：生、死、耳、目、口、鼻所生的欲望。","pronunciation":"qīqíngliùyù"},{"title":"七窍冒火","id":"QQMH","album":"《老残游记续集遗稿》第三回：“一天两天还好受，等到第三天，真受不得了！怎么还没有信呢？俗语说的好，真是七窍冒火，五脏里生烟。”","translation":"同“七窍生烟”。","pronunciation":"qīqiàomàohuǒ"},{"title":"七擒七纵","id":"QQQZ","album":"晋陈寿《三国志蜀志诸葛亮传》：“亮率众南征，其秋悉平。”裴松之注引《汉晋春秋》：“亮笑，纵使更战，七纵七擒，而亮犹遣获。”","translation":"三国时，诸葛亮出兵南方，将当地酋长孟获捉住七次，放了七次，使他真正服输，不再为敌。比喻运用策略，使对方心服。","pronunciation":"qīqínqīzòng"},{"title":"七窍生烟","id":"QQSY","album":"明吴承恩《西游记》第78回：“忽闻此言，吓得三尺神散，七窍生烟。”","translation":"七窍：指两耳、两眼、两鼻孔和口。形容气愤至极；好像眼耳口鼻都要冒出火来。","pronunciation":"qīqiàoshēngyān"},{"title":"七日来复","id":"QRLF","album":"《易·复》：“反复其道，七日来复。”","translation":"《周易》复卦，主十一月。复卦六爻，第一爻为阳，其他五爻为阴，表示阴气剥尽阳气复生，称为“来复”。现常指一星期。","pronunciation":"qīrìláifù"},{"title":"七死八活","id":"QSBH","album":"元王实甫《西厢记》第三本第二折：“你哄着谁哩，你把这个饿鬼弄的七死八活，却要怎么？”","translation":"如同多次死去活来一般。形容受尽痛苦。","pronunciation":"qīsǐbāhuó"},{"title":"七手八脚","id":"QSBJ","album":"宋释普济《五灯会元》第20卷：“上尚七手八脚，三头两面，耳听不闻，眼觑不见，苦乐逆顺，打成一片。”","translation":"原指比一般人多好几个手脚。形容人多手杂；动作忙乱。","pronunciation":"qīshǒubājiǎo"},{"title":"七首八脚","id":"QSBJ","album":"清·吴敬梓《儒林外史》第十二回：“他本来不会走城里的路，这时着了急，七首八脚的乱跑，眼睛又不看着前面，跑了一箭多路，一头撞到一顶轿子上。”","translation":"形容慌张乱闯。","pronunciation":"qīshǒubājiǎo"},{"title":"七上八落","id":"QSBL","album":"明·施耐庵《水浒传》第一回：“洪太尉倒在树根底下，唬的三十六个牙齿捉对儿厮打，那心头一似十五个吊桶，七上八落的响，浑身却如重风麻木，两腿一似斗败公鸡，口里连声叫苦。”","translation":"形容心神不定或慌乱不安。","pronunciation":"qīshàngbāluò"},{"title":"七事八事","id":"QSBS","album":"明·兰陵笑笑生《金瓶梅》第91回：“家中正七事八事，听见薛嫂来说此话，唬得慌了手脚。”","translation":"形容事情多而杂乱。","pronunciation":"qīshìbāshì"},{"title":"七损八伤","id":"QSBS","album":"明·施耐庵《水浒传》第六十四回：“后面伏兵齐起，这索超便有三头六臂，也须七损八伤。”又第一百九回：“降者三万人，除那逃走脱的，其余都是十死九活，七损八伤，颠翻在地，被人马践踏，骨肉如泥的，不计其数。”","translation":"形容损伤惨重。","pronunciation":"qīsǔnbāshāng"},{"title":"七上八下","id":"QSBX","album":"宋宗杲说《大慧普觉禅师语录》第21卷：“方寸里七上八下，如咬生铁橛，没滋味时，切莫退志。”","translation":"形容心神不安的惊惶样子。","pronunciation":"qīshàngbāxià"},{"title":"七损八益","id":"QSBY","album":"","translation":"指女子月事宜以时下，男子精气宜于充盈。中医述人生长发育过程，女子以七为纪，男子以八为纪，故七指女，八指男。","pronunciation":"qīsǔnbāyì"},{"title":"七舌八嘴","id":"QSBZ","album":"丁玲《奔》：“茶馆里又围了许多人，都把他们当做谈话的中心，七舌八嘴，然而没有一句话可以暂时使他们宽心一下。”","translation":"同“七嘴八舌”。","pronunciation":"qīshébāzuǐ"},{"title":"七十二变","id":"QSEB","album":"毛泽东《矛盾论》：“神话中的许多变化，例如《山海经》中所说的‘夸父追日’，《淮南子》中所说的‘羿射九日’，《西游记》中所说的孙悟空七十二变……”","translation":"变化多端的策略、手法和方法","pronunciation":"qīshíèrbiàn"},{"title":"七十二行","id":"QSEX","album":"陶行知《自动学校贺诗》：“有个学校真奇怪，小孩自动教小孩。七十二行皆先生，先生不在学如在。”","translation":"泛指各行各业。","pronunciation":"qīshíèrháng"},{"title":"七生七死","id":"QSQS","album":"","translation":"佛数谓小乘初果者，尚须往返天上人间，受七度生死，才能证得阿罗汉果。同“七死七生”。","pronunciation":"qīshēngqīsǐ"},{"title":"七死七生","id":"QSQS","album":"","translation":"佛数谓小乘初果者，尚须往返天上人间，受七度生死，才能证得阿罗汉果。亦作“七生七死”。","pronunciation":"qīsǐqīshēng"},{"title":"七推八阻","id":"QTBZ","album":"明高明《琵琶记蔡公逼试》：“我教你赴选，也只是要改换门闾，光显祖宗，你却七推八阻，有这许多说话。”","translation":"比喻有意为难。","pronunciation":"qītuībāzǔ"},{"title":"七窝八代","id":"QWBD","album":"明·吴承恩《西游记》：“却只怕那水里有甚么眷族老小，七窝八代的都来，我就弄他不过。”","translation":"詈词。指全部眷属家族。","pronunciation":"qīwōbādài"},{"title":"七弯八拐","id":"QWBG","album":"《十月》1981年第1期：“过了一岗又一岗，一坡又一坡，上上下下，七弯八拐，又走了十多里才真正到了狼牙山脚下、我们要住下的村子。”","translation":"见“七湾八拐”。","pronunciation":"qīwānbāguǎi"},{"title":"七湾八拐","id":"QWBG","album":"郭沫若《孔雀胆》第四幕第一场：“好啦，好啦，不要太自负了，被你七湾八拐的几下子，连我都拿不定主意来了。”","translation":"亦作“七弯八拐”。①多处弯曲，不断转变方向。②形容做事不直截了当。","pronunciation":"qīwānbāguǎi"},{"title":"七歪八扭","id":"QWBN","album":"清·石玉昆《三侠五义》第八十四回：“一路冲浸之处，不可胜数，慢说房屋四分五落，连树木也是七歪八扭。”","translation":"形容歪斜不正。","pronunciation":"qīwāibāniǔ"},{"title":"七湾八扭","id":"QWBN","album":"","translation":"多处弯曲，不断转变方向。也形容做事不直截了当。同“七湾八拐”。","pronunciation":"qīwānbāniǔ"},{"title":"七郤八手","id":"QBS","album":"","translation":"亦作“七足八手”。形容动作忙乱，许多人一齐动手。","pronunciation":"qīxìbāshǒu"},{"title":"七相五公","id":"QXWG","album":"语出《文选·班固〈西都赋〉》：“冠盖如云，七相五公。”吕向注：“七相：谓车千秋、黄霸、王商、王嘉、韦贤、平当、魏相。五公：张汤、萧望之、冯奉世、史丹、张安世。公侯、御史大夫、将军，通称为公。”","translation":"语出《文选·班固〈西都赋〉》：“冠盖如云，七相五公。”吕向注：“七相：谓车千秋、黄霸、王商、王嘉、韦贤、平当、魏相。五公：张汤、萧望之、冯奉世、史丹、张安世。公侯、御史大夫、将军，通称为公。”所举皆汉代公卿，后泛指众多的文武大臣。","pronunciation":"qīxiāngwǔgōng"},{"title":"七言八语","id":"QYBY","album":"清·李汝珍《镜花缘》第八十三回：“妹子一心想笑话，你们七言八语，那里还敢理会，实实不曾听得。”","translation":"形容人多语杂。","pronunciation":"qīyánbāyǔ"},{"title":"七支八搭","id":"QZBD","album":"","translation":"①随意瞎扯。②指不团结。","pronunciation":"qīzhībādā"},{"title":"七纵八横","id":"QZBH","album":"宋·严羽《沧浪诗话·诗法》：“及其透彻，则七纵八横，信手拈来，头头是道矣。”","translation":"形容奔放自如。","pronunciation":"qīzòngbāhéng"},{"title":"七折八扣","id":"QZBK","album":"清吴趼人《二十年目睹之怪现状》第108回：“这里的客店钱，就拿两块洋钱出来，由得他七折八扣的勉强用了。”","translation":"比喻折扣很大，减掉了很多。","pronunciation":"qīzhébākòu"},{"title":"七嘴八舌","id":"QZBS","album":"《好逑传》第五回：“众人正跑得有兴头上，忽被铁公子拦住，便七嘴八舌地乱嚷。”","translation":"形容人多嘴杂；议论纷纷。也比喻让别人充分发表意见。","pronunciation":"qīzuǐbāshé"},{"title":"七足八手","id":"QZBS","album":"沙汀《替身》：“这时候，那个可怜的盐客，已经在七足八手下打扮好了。”","translation":"见“七脚八手”。","pronunciation":"qīzúbāshǒu"},{"title":"七子八婿","id":"QZBX","album":"《旧唐书·郭子仪传》载：唐郭子仪有子八人，婿七人，皆朝廷重官。","translation":"唐郭子仪有子八人，婿七人，皆朝廷重官。见《旧唐书·郭子仪传》。后因以“七子八婿“形容子、婿众多。","pronunciation":"qīzǐbāxù"},{"title":"七张八嘴","id":"QZBZ","album":"清·钱彩《说岳全传》第六回：“岳大爷见兄弟们七张八嘴，心中暗想：‘我若不去，众兄弟把我看轻了，只道我没有胆量了。’”","translation":"同“七嘴八张”。","pronunciation":"qīzhāngbāzuǐ"},{"title":"七嘴八张","id":"QZBZ","album":"《东周列国志》第三二回：“众官员一拥而前，七嘴八张的，都问道：‘世子何在？’”","translation":"形容人多语杂。","pronunciation":"qīzuǐbāzhāng"},{"title":"七贞九烈","id":"QZJL","album":"元·李行道《灰阑记》：“拼守着七贞九烈，怕甚么六问三推，一任他万打千敲。”","translation":"旧时形容妇女无比贞节刚烈，宁死不失身。","pronunciation":"qīzhēnjiǔliè"},{"title":"七纵七禽","id":"QZQQ","album":"相传三国时诸葛亮出兵南方，曾七次生擒酋长孟获，又七次释放，终于使孟获心悦诚服。事见《三国志·蜀志·诸葛亮传》“亮率众南征，其秋悉平”裴松之注引《汉晋春秋》。","translation":"亦作“七纵七擒”。相传三国时诸葛亮出兵南方，曾七次生擒酋长孟获，又七次释放，终于使孟获心悦诚服。《三国志·蜀志·诸葛亮传》“亮率众南征，其秋悉平”裴松之注引《汉晋春秋》：“亮至南中，所在战捷。闻孟获者，为夷、汉所服，募生致之。既得，使观于营陈之间，问曰：","pronunciation":"qīzòngqīqín"},{"title":"七纵七擒","id":"QZQQ","album":"《汉晋春秋》：“亮笑，纵使更战，七纵七禽（擒），而亮犹遣获，获止不去。”","translation":"见“七纵七禽”。","pronunciation":"qīzòngqīqín"},{"title":"人生七十古来稀","id":"RSQSGLX","album":"唐杜甫《曲江》诗：“酒债寻常行处有，人生七十古来稀。”","translation":"稀：稀少。七十岁高龄的人从古以来就不多见。指得享高寿不易。","pronunciation":"rénshēngqīshígǔláixī"},{"title":"三寸鸟，七寸嘴","id":"SCNQCZ","album":"","translation":"比喻能说会道（多用于讽刺）。","pronunciation":"sāncùnniǎo，qīcùnzuǐ"},{"title":"三分似人，七分似鬼","id":"SFSRQFSG","album":"明兰陵笑笑生《金瓶梅词话》第一回：“你看我家那身不满尺的丁树，三分似人，七分似鬼。”","translation":"詈词。骂人长相难看。","pronunciation":"sānfēnsìrén，qīfēnsìguǐ"},{"title":"三分像人，七分似鬼","id":"SFXRQFSG","album":"明施耐庵《水浒传》第二十三回：“我嫁得这等一个，也不枉了为人一世！你看我那三寸丁谷树皮，三分像人，七分似鬼，我直恁地晦气！”","translation":"骂人的话。骂人长相难看。","pronunciation":"sānfēnxiàngrén，qīfēnsìguǐ"},{"title":"三分像人，七分像鬼","id":"SFXRQFXG","album":"宋无名氏《张协状元大公资助张协》：“我嫁你！看牛骨自不中，三分像人，七分像鬼。”","translation":"形容人长相丑陋，也指人遭疾病或其折磨后不成人样子。","pronunciation":"sānfēnxiàngrén，qīfēnxiàngguǐ"},{"title":"三魂七魄","id":"SHQP","album":"《抱朴子·地真》：“欲得通神，宜水火水形分，形分则自见其身中之三魂七魄。”","translation":"魂：旧指能离开人体而存在的精神；魄：旧指依附形体而显现的精神。道家语，称人身有“三魂七魄”。","pronunciation":"sānhúnqīpò"},{"title":"三江七泽","id":"SJQZ","album":"唐·李白《当涂赵炎少府粉图山水歌》：“洞庭潇湘意渺绵，三江七泽情洄沿。”","translation":"泛指江河湖泽。","pronunciation":"sānjiāngqīzé"},{"title":"三毛七孔","id":"SMQK","album":"《史记·扁鹊仓公列传》唐张守节正义：“心重十二两，中有七孔，三毛，盛精汁三合，主藏神。”","translation":"《史记扁鹊仓公列传》唐张守节正义：“心重十二两，中有七孔，三毛，盛精汁三合，主藏神。”因以“三毛七孔”指心思，心机。","pronunciation":"sānmáoqīkǒng"},{"title":"说七说八","id":"SQSB","album":"","translation":"总之，不管怎么说","pronunciation":"shuōqīshuōbā"},{"title":"三蛇七鼠","id":"SSQS","album":"清·翟灏《通俗编·禽鱼》：“一亩之地，三蛇七鼠。”","translation":"比喻为害的东西多。","pronunciation":"sānshéqīshǔ"},{"title":"十五个吊桶打水，七上八落","id":"SWGDTDSQSBL","album":"明·凌濛初《二刻拍案惊奇》第24卷：“自实心里好像十五个吊桶打水，七上八落似的，身子好像墽盘上蚂蚁，一霎也站脚不住。”","translation":"落：下降。比喻心情不安","pronunciation":"shíwǔgèdiàotǒngdǎshuǐ，qīshàngbāluò"},{"title":"十五个吊桶打水，七上八下","id":"SWGDTDSQSBX","album":"明·施耐庵《水浒传》第26回：“那胡正卿心头十五个吊桶打水，七上八下，暗暗地寻思道：‘既是好意请我们吃酒，如何这般相待，不许人动身？’”","translation":"比喻心情不安","pronunciation":"shíwǔgèdiàotǒngdǎshuǐ，qīshàngbāxià"},{"title":"三征七辟","id":"SZQB","album":"《晋书·王褒传》：“于是隐居教授，三征七辟，皆不就。”","translation":"三、七：泛指多次；征、辟：征召，荐举。指朝廷多次征名为官","pronunciation":"sānzhēngqībì"},{"title":"五侯七贵","id":"WHQG","album":"唐·李白《流夜郎赠卒判官》诗：“昔在长安醉花柳，五侯七贵同杯酒。”","translation":"泛指达官显贵。","pronunciation":"wǔhòuqīguì"},{"title":"五痨七伤","id":"WQS","album":"老舍《二马》：“两位马先生都没有脏病，也没有五痨七伤，于是又平安的过了一关。”","translation":"痨：结核病。泛指各种疾病和致病因素","pronunciation":"wǔláoqīshāng"},{"title":"五劳七伤","id":"WLQS","album":"元刘唐卿《降桑椹》第二折：“糊突虫云：'我会医五劳七伤。'”","translation":"泛指各种疾病和致病因素。","pronunciation":"wǔláoqīshāng"},{"title":"乌七八糟","id":"WQBZ","album":"老舍《四世同堂偷生四十糟中》：“可是，整个的北平都在污七八糟中，她所知道的‘能人’们，都闭着眼瞎混。”","translation":"肮脏污秽；十分糟糕。","pronunciation":"wūqībāzāo"},{"title":"污七八糟","id":"WQBZ","album":"老舍《四世同堂》：“可是，整个的北平都在污七八糟中，她所知道的'能人'们，都闭着眼瞎混。”","translation":"形容十分杂乱。","pronunciation":"wūqībāzāo"},{"title":"歪七扭八","id":"WQNB","album":"老舍《小人物自述》：“那些古钱已然都歪七扭八的，在钱眼里探出些不十分绿的草叶来。”","translation":"歪歪扭扭，不直","pronunciation":"wāiqīniǔbā"},{"title":"歪七竖八","id":"WQSB","album":"茅盾《上海·我的二房东》：“沿马路上的电灯柱上，里门口，都有些红纸小方块；烂疮膏药似的，歪七竖八贴着。”","translation":"歪歪扭扭的。形容不正的样子","pronunciation":"wāiqīshùbā"},{"title":"屋如七星","id":"WRQX","album":"唐·冯赞《云仙杂记》：“郑广文，星屋破漏，从下望之，窍如七星。”","translation":"形容住房破漏。","pronunciation":"wūrúqīxīng"},{"title":"倚马七纸","id":"YMQZ","album":"南朝宋·刘义庆《世说新语·文学》：“桓宣武北征，袁虎时从，被责免官。会须露布文，唤袁倚马前令作。手不掇笔，俄得七纸，殊可观。”","translation":"比喻文章写得快。","pronunciation":"yǐmǎqīzhǐ"},{"title":"一子出家，七祖升天","id":"YZCJQZST","album":"清曹雪芹《红楼梦》第一一七回：“我说的不是功名么？你们不知道‘一子出家，七祖升天呢’？”","translation":"借喻一人得势，全家沾光。同“一子出家，九祖升天”。","pronunciation":"yīzǐchūjiā，qīzǔshēngtiān"},{"title":"一子出家，七祖昇天","id":"YZCJQZ�NT","album":"","translation":"借喻一人得势，全家沾光。同“一子出家，九祖升天”。","pronunciation":"yīzǐchūjiā，qīzǔshēngtiān"},{"title":"杂七碎八","id":"ZQSB","album":"冯志《敌后武工队》第六章：“有时还背诵一遍杂七烂八的事。”","translation":"形容十分混杂","pronunciation":"záqīsuìbā"},{"title":"杂七杂八","id":"ZQZB","album":"赵树理《三里湾》：“里面杂七杂八堆得满满的，实在找不下个腾的地方！”","translation":"形容东西非常混杂，或事情非常杂乱。","pronunciation":"záqīzábā"}]}