{"items":[{"title":"捱三顶五","id":"SDW","album":"明冯梦龙《醒世恒言卖油郎独占花魁》：“覆帐之后，宾客如市，捱三顶五，不得空闲。”","translation":"形容人群拥挤，接连不断","pronunciation":"āisāndǐngwǔ"},{"title":"挨三顶五","id":"ASDW","album":"明冯梦龙《古今小说穷马周遭际卖塠媪》第五卷：“但见红尘滚滚，车马纷纷，许多商贩客人驮着货物，挨三顶五的进店安歇。”","translation":"形容人多，连接不断。","pronunciation":"āisāndǐngwǔ"},{"title":"博览五车","id":"BLWC","album":"明凌濛初《初刻拍案惊奇》第十卷：“才过子建，貌赛潘安。胸中博览五车，腹内广罗千古。”","translation":"博：广博；五车：五车书。广泛阅读很多书籍。形容学识渊博","pronunciation":"bólǎnwǔchē"},{"title":"八门五花","id":"BMWH","album":"清·张潮《虞初新志》：“群峰乱峙，四布罗引，如平沙万幕，八门五花。”","translation":"八门：八门阵；五花：五行阵。古代两种战术变化很多的阵势。比喻变化多端或花样繁多","pronunciation":"bāménwǔhuā"},{"title":"拔十得五","id":"BSDW","album":"《新唐书张九龄传》：“夫吏部尚书、侍郎，以贤而授者也，岂不能知人？如知之难，拔十得五，斯可矣。”","translation":"想选拔十个，结果只选得五个。指选拔人才不容易。","pronunciation":"báshídéwǔ"},{"title":"拔十失五","id":"BSSW","album":"《三国志蜀书庞统传》：“今拔十失五，犹得其半，而可以崇迈世数，使有志者自励，不亦可乎？”","translation":"指选拔人才而失其半数。","pronunciation":"báshíshīwǔ"},{"title":"不为五斗米折腰","id":"BWWDMZY","album":"《晋书陶潜传》：“吾不能为五斗米折腰，拳拳事乡里小人邪！”","translation":"五斗米：指微薄的俸禄；折腰：下拜，弯腰行礼。比喻为人清高，有骨气","pronunciation":"bùwéiwǔdǒumǐzhéyāo"},{"title":"猜三划五","id":"CSHW","album":"清·吴敬梓《儒林外史》第13回：“差人道：‘今日且吃酒，明日再说。’当夜猜三划五，吃了半夜。”","translation":"喝酒时划拳行酒令","pronunciation":"cāisānhuàwǔ"},{"title":"攒三聚五","id":"ZSJW","album":"清曹雪芹《红楼梦》第52回：“暖阁之中有一玉石条盆，里面攒三聚五栽着一盆单瓣水仙。”","translation":"三三五五聚在一起。","pronunciation":"cuánsānjùwǔ"},{"title":"躲过初一，躲不过十五","id":"DGCYDBGSW","album":"马烽《吕梁英雄传》第51回：“以后找机会再抓吧！躲过初一，也躲不过十五，将来总有抓住他的机会哩！”","translation":"指躲避一时，但终究不能根本逃避","pronunciation":"duǒguòchūyī，duǒbùguòshíwǔ"},{"title":"大烹五鼎","id":"DPWD","album":"清·岭南羽衣女士《东欧女豪杰》第一回：“就使住的是深居九重，吃的是大烹五鼎，看来似是快乐无比的，却是心窝儿里头常做个天人的战场。”","translation":"烹：烧煮；五鼎：古代士大夫祭祀用的祭品。指吃饭食物精美。形容生活奢侈豪华","pronunciation":"dàpēngwǔdǐng"},{"title":"二百五","id":"EBW","album":"清吴趼人《二十年目睹之怪现状》第83回：“原来他是一个江南不第秀才，捐了个二百五的同知，在外面瞎混。”","translation":"指傻头傻脑，不很懂事而又倔强莽撞的人","pronunciation":"èrbǎiwǔ"},{"title":"二五耦","id":"EW","album":"春秋鲁左丘明《左传庄公二十八年》：“二五耦。”","translation":"耦：两人耕地，比喻朋比为奸。比喻狼狈为奸","pronunciation":"èrwǔǒu"},{"title":"二一添作五","id":"EYTZW","album":"清·石玉昆《三侠五义》第二回：“好好儿的‘二一添作五’的家当，如今弄成‘三一三十一’了。”","translation":"本是珠算除法的一句口诀，是二分之一等于零点五的意思。比喻双方平分。","pronunciation":"èryītiānzuòwǔ"},{"title":"腹载五车","id":"FZWC","album":"庄周《庄子天下》：“惠施多方，其书五车。”","translation":"比喻读书甚多，知识渊博。","pronunciation":"fùzàiwǔchē"},{"title":"各打五十大板","id":"GDWSDB","album":"刘心武《钟鼓楼》第五章：“七姑‘各打五十大板’地尖声评论说：‘这是怎么回子事哟？瞧你们请来的这些个人！’”","translation":"各：各自。给双方同样的待遇或不分清责任，让双方共同承担责任","pronunciation":"gèdǎwǔshídàbǎn"},{"title":"隔三差五","id":"GSCW","album":"萧红《回忆鲁迅先生》：“牛奶，鸡汤之类，为了医生所嘱也隔三差五地吃着。”","translation":"比喻时常发生","pronunciation":"gésānchàwǔ"},{"title":"过五关，斩六将","id":"GWGZLJ","album":"","translation":"比喻克服重重困难。","pronunciation":"guòwǔguān，zhǎnliùjiàng"},{"title":"过五关斩六将","id":"GWGZLJ","album":"《三宝太监西洋记通俗演义》第76回：“这如今万世之下，那一个不说道过五关斩六将、掀天揭地的好大丈夫？”","translation":"比喻克服重重困难。这是《三国演义》中描写关羽的故事","pronunciation":"guòwǔguānzhǎnliùjiàng"},{"title":"感篆五中","id":"GZWZ","album":"李脃人《暴风雨前》第四部分：“在府厚扰月余，承以家人待我，感篆五中！”","translation":"篆：铭刻；五中：内心。形容使人内心深受感动","pronunciation":"gǎnzhuànwǔzhōng"},{"title":"恨五骂六","id":"HWML","album":"","translation":"","pronunciation":"hènwǔmàliù"},{"title":"九五之位","id":"JWZW","album":"《宋书·武帝纪》：“夫或跃在渊者，终飨九五之位。”","translation":"九五：指帝位。指帝王的尊位","pronunciation":"jiǔwǔzhīwèi"},{"title":"九五之尊","id":"JWZZ","album":"《周易干》：“九五，飞龙在天，利见大人。”","translation":"九五：指帝位。旧指帝王的尊位。","pronunciation":"jiǔwǔzhīzūn"},{"title":"连三接五","id":"LSJW","album":"清·顾禄《清嘉录·放断鹞》：“晚或系灯于线之腰，连三接五，曰鹞灯。”","translation":"同“连三接二”。","pronunciation":"liánsānjiēwǔ"},{"title":"连三跨五","id":"LSKW","album":"清·文康《儿女英雄传》第十六回：“说着，出门下阶，嗖的一声，托地跳上房去，顺着那屋脊，迈步如飞，连三跨五，霎时间不见踪影。”","translation":"形容动作迅速。","pronunciation":"liánsānkuàwǔ"},{"title":"铭感五内","id":"MGWN","album":"","translation":"比喻内心非常感激","pronunciation":"mínggǎnwǔnèi"},{"title":"目迷五色","id":"MMWS","album":"先秦李耳《老子》：“五色令人目盲，五音令人耳聋，五味令人口爽，驰骋畋猎，令人心发狂。”","translation":"迷：迷乱；五色：指各种颜色。眼睛被五彩缤纷的事物所迷惑。形容色彩纷呈；使人眼花缭乱；也形容事物错综复杂；辨不清本质所在。","pronunciation":"mùmíwǔsè"},{"title":"麻雀虽小，五脏俱全","id":"MQSXWZJQ","album":"钱钟书《围城》：“‘麻雀虽小，五脏俱全。’机器当然应有尽有，就是不大牢。”","translation":"比喻事物体积或规模虽小，具备的内容却很齐全。","pronunciation":"máquèsuīxiǎo，wǔzàngjùquán"},{"title":"马中关五","id":"MZGW","album":"唐·颜真卿《干禄字书》序：“备存往制，笔削所误，抑有前闻，岂唯豕上加三，盖亦马中关五。”","translation":"犹言鲁鱼亥豕。","pronunciation":"mǎzhōngguānwǔ"},{"title":"去天尺五","id":"QTCW","album":"宋·黄庭坚《醉蓬莱》词：“尽道黔南，去天尺五。”","translation":"①谓与宫廷相近。②极言地势之高。","pronunciation":"qùtiānchǐwǔ"},{"title":"牵五挂四","id":"QWGS","album":"清·曹雪芹《红楼梦》第一回：“于是接二连三，牵五挂四，将一条街烧得如‘火焰山’一般。”","translation":"谓接连不断。","pronunciation":"qiānwǔguàsì"},{"title":"七相五公","id":"QXWG","album":"语出《文选·班固〈西都赋〉》：“冠盖如云，七相五公。”吕向注：“七相：谓车千秋、黄霸、王商、王嘉、韦贤、平当、魏相。五公：张汤、萧望之、冯奉世、史丹、张安世。公侯、御史大夫、将军，通称为公。”","translation":"语出《文选·班固〈西都赋〉》：“冠盖如云，七相五公。”吕向注：“七相：谓车千秋、黄霸、王商、王嘉、韦贤、平当、魏相。五公：张汤、萧望之、冯奉世、史丹、张安世。公侯、御史大夫、将军，通称为公。”所举皆汉代公卿，后泛指众多的文武大臣。","pronunciation":"qīxiāngwǔgōng"},{"title":"如堕五里雾中","id":"RDWLWZ","album":"南朝宋范晔《后汉书张楷传》：“性好道术，能作五里雾。”","translation":"好象掉在一片大雾里。比喻陷入迷离恍惚、莫名其妙的境地。","pronunciation":"rúduòwǔlǐwùzhōng"},{"title":"日诵五车","id":"RSWC","album":"宋·朱熹《答陈师德书》：“不然，则虽广求博取，日诵五车，亦奚益于学哉？”","translation":"一天诵读好多书。五车，形容书多。","pronunciation":"rìsòngwǔchē"},{"title":"人五人六","id":"RWRL","album":"王朔《枉然不供》：“别看那小子装得五讲四美、人五人六的样儿，其实一肚子男盗女娼，背着人嘴脏着呢。”","translation":"装模作样，假正经。","pronunciation":"rénwǔrénliù"},{"title":"如坠五里雾中","id":"RZWLWZ","album":"南朝·宋·刘义庆《世说新语·赏誉》：“刘谓王曰：‘渊源真可！’王曰：‘卿故坠其云雾中’。”","translation":"坠：落下。比喻陷入一片混沌糊涂的境地，令人摸不着头脑","pronunciation":"rúzhuìwǔlǐwùzhōng"},{"title":"十变五化","id":"SBWH","album":"北齐·颜之推《颜氏家训·归心》：“世有祝师及诸幻术，犹能履火蹈刃，种瓜移井，倏忽之间，十变五化。”","translation":"谓变化多端。","pronunciation":"shíbiànwǔhuà"},{"title":"三差五错","id":"SCWC","album":"清曾朴《孽海花》第22回：“要有什么三差五错，那事情就难说了！”","translation":"泛指差错。常指意外的事故。","pronunciation":"sānchāwǔcuò"},{"title":"三朝五日","id":"SCWR","album":"","translation":"指三、五天。","pronunciation":"sāncháowǔrì"},{"title":"书读五车","id":"SDWC","album":"战国·宋·庄周《庄子·天下》：“惠施多方，其书五车。”","translation":"形容读书多、知识丰富。","pronunciation":"shūdúwǔchē"},{"title":"识二五而不知十","id":"SEWEBZS","album":"西汉司马迁《史记越王勾践世家》：“且王之所求者，斗晋楚也；晋楚不斗，越兵不起，是知二五而不知十也。”","translation":"只知道一个方面，而不懂得全面地观察问题。","pronunciation":"shíèrwǔérbùzhīshí"},{"title":"十恶五逆","id":"SEWN","album":"元·无名氏《杀狗劝夫》第二折：“嫂嫂也，我不曾犯十恶五逆，这一个家缘儿都被你收拾。”","translation":"谓种种不可赦免的大罪。","pronunciation":"shíèwǔnì"},{"title":"书富五车","id":"SFWC","album":"明·冯梦龙《醒世恒言》第35卷：“真个胸中书富五车，笔下句高午古。”","translation":"富：丰富；五车：五车书。形容读书多，学识渊博","pronunciation":"shūfùwǔchē"},{"title":"三番五次","id":"SFWC","album":"清吴敬梓《儒林外史》第八回：“三番五次，缠的老和尚急了，说道：‘你是何处光棍，敢来闹我们！’”","translation":"形容次数很多。番：次数；遍数。","pronunciation":"sānfānwǔcì"},{"title":"三坟五典","id":"SFWD","album":"《左传·昭公十二年》：“是能读《三坟》、《五典》、《八索》、《九丘》。”","translation":"相传为我国最早的古籍。","pronunciation":"sānfénwǔdiǎn"},{"title":"四分五裂","id":"SFWL","album":"西汉刘向《战国策魏策一》：“魏南与楚而不与齐，则齐攻其东；东与齐而不与赵，则赵攻其北；不合于韩，是韩攻其西；不亲于楚，则楚攻其南；此所谓四分五裂之道也！”","translation":"形容不完整；不集中；不团结；不统一。","pronunciation":"sìfēnwǔliè"},{"title":"四分五落","id":"SFWL","album":"金·董解元《西厢记诸宫调》卷二：“蓦闻人道，森森地唬得魂离壳。全家眷爱，多应是四分五落。”","translation":"形容分散零乱。","pronunciation":"sìfēnwǔluò"},{"title":"四纷五落","id":"SFWL","album":"明·罗贯中《三国演义》第15回：“刘繇军兵大败，众皆四纷五落。”","translation":"见“四分五落”。","pronunciation":"sìfēnwǔluò"},{"title":"四分五剖","id":"SFWP","album":"汉·扬雄《解嘲》：“往者周网解结，群鹿争逸，离为十二，合为六七，四分五剖，并为战国。”","translation":"四分五裂。形容分散，不统一。","pronunciation":"sìfēnwǔpōu"},{"title":"十风五雨","id":"SFWY","album":"宋陆游《村居初夏》诗：“斗酒只鸡人笑乐，十风五雨岁丰穰。”","translation":"十天一刮风，五天一下雨。形容风调雨顺，气候适宜。","pronunciation":"shífēngwǔyǔ"},{"title":"三纲五常","id":"SGWC","album":"先秦孔子《论语为政》：“周因于殷礼，所损益可知也。”何晏集解：“马融曰：‘所因，谓三纲五常也。’”","translation":"指我国封建时代统治阶级提倡的伦理道德。三纲；即父为子纲、君为臣纲、夫为妻纲。五常；即仁、义、礼　、智、信。","pronunciation":"sāngāngwǔcháng"},{"title":"十光五色","id":"SGWS","album":"清·归懋仪《百字令·答龚璱人公子即和原韵》词：“王台问字，料理吾乡去。海东云起，十光五色争睹。”","translation":"形容景象纷繁，色彩绚丽。","pronunciation":"shíguāngwǔsè"},{"title":"三回五次","id":"SHWC","album":"元·戴善夫《风光好》第一折：“太守何故三回五次侮弄下官，是何道理？”","translation":"多次。","pronunciation":"sānhuíwǔcì"},{"title":"三皇五帝","id":"SHWD","album":"先秦庄周《庄子天运》：“故夫三皇五帝之礼法度，不矜于同而预于治。”","translation":"我们古代传说中的远古帝王。三皇指燧人、伏羲、神农；五帝指黄帝、颛顼、帝喾、唐尧、虞舜。","pronunciation":"sānhuángwǔdì"},{"title":"三环五扣","id":"SHWK","album":"清·石玉昆《三侠五义》第51回：“四爷赶上一步，就势按倒，解他腰带，三环五扣的捆了一回。”","translation":"形容捆绑结实。","pronunciation":"sānhuánwǔkòu"},{"title":"三荤五厌","id":"SHWY","album":"","translation":"泛指荤腥食物。","pronunciation":"sānhūnwǔyàn"},{"title":"三江五湖","id":"SJWH","album":"战国·鲁·尸佼《尸子》下卷：“取玉甚难，越三江五湖，至昆仑之山，千人往，百人反，百人往，十人反。”","translation":"①指东南方的三条江与太湖流域一带的湖泊。②江河湖泊的泛称。","pronunciation":"sānjiāngwǔhú"},{"title":"十浆五馈","id":"SJWK","album":"典出《列子·黄帝》：“子列子之齐，中道而反，遇伯昏瞀人。伯昏瞀人曰：‘奚方而反？’曰：‘吾惊焉。’‘恶乎惊？’‘吾食于十浆，而五浆先馈。’”","translation":"典出《列子黄帝》：“子列子之齐，中道而反，遇伯昏瞀人。伯昏瞀人曰：‘奚方而反？’曰：‘吾惊焉。’‘恶乎惊？’‘吾食于十浆，而五浆先馈。’”谓十家卖浆者之中有五家争先送来。本谓卖浆者争利，后用以比喻争相设宴款待。","pronunciation":"shíjiāngwǔkuì"},{"title":"三老五更","id":"SLWG","album":"《礼记·文王世子》：“遂设三老五更，群老之席位焉。”《乐记》：“食三老五更于大学。”","translation":"相传古代统治者设三老五更，以尊养老人。","pronunciation":"sānlǎowǔgēng"},{"title":"三令五申","id":"SLWS","album":"西汉司马迁《史记孙子吴起列传》：“约束既布，乃设鈇钺，即三令五申之。”","translation":"再三地命令和告诫。令：命令。申：说明。","pronunciation":"sānlìngwǔshēn"},{"title":"三年五载","id":"SNWZ","album":"元杨文奎《儿女团圆》第二折：“也须知俺这三年五载，看看衰迈，还有甚精金响钞，暗暗藏埋。”","translation":"载：年。指三五年。形容不很长的几年时间。","pronunciation":"sānniánwǔzǎi"},{"title":"十日一水，五日一石","id":"SRYSWRYS","album":"唐·杜甫《戏题王宰画山水图歌》：“十日画一水，五日画一石，能事不受相促迫，王宰始肯留真迹。”","translation":"比喻作画构思精密，不轻易下笔。","pronunciation":"shírìyīshuǐ，wǔrìyīshí"},{"title":"伸手不见五指","id":"SSBJWZ","album":"明·凌濛初《初刻拍案惊奇》第24卷：“只听得一阵风过处，天昏地黑，鬼哭神嚎，眼前伸手不见五指，一时晕倒了。”","translation":"形容光线非常暗，看不见四周围的事物。","pronunciation":"shēnshǒubùjiànwǔzhǐ"},{"title":"三牲五鼎","id":"SSWD","album":"元高明《琵琶记蔡公逼伯喈赴试》：“三牲五鼎供朝夕，须胜似啜菽并饮水。”","translation":"旧时形容祭品丰盛。后来也形容食物美好。","pronunciation":"sānshēngwǔdǐng"},{"title":"三尸五鬼","id":"SSWG","album":"","translation":"比喻奸佞之臣。","pronunciation":"sānshīwǔguǐ"},{"title":"四书五经","id":"SSWJ","album":"汉班固《白虎通五经》：“五经何谓？谓《易》、《尚书》、《诗》、《礼》、《春秋》也。宋朱熹着有《四书集注》。","translation":"四书：亦称四子书，即《大学》、《中庸》、《论语》、《孟子》；五经：《诗》、《书》、《礼》、《易》、《春秋》。指儒家经典。","pronunciation":"sìshūwǔjīng"},{"title":"十十五五","id":"SSWW","album":"《乐府诗集·艳歌·何尝行》：“飞来双白鹄，乃从西北来；十十五五，罗列成行。”","translation":"①谓十个一群，五个一组。形容错乱不齐。②谓每十里五里。","pronunciation":"shíshíwǔwǔ"},{"title":"三三五五","id":"SSWW","album":"唐·李白《采莲曲》：“岸上谁家游冶郎，三三五五映垂杨。”","translation":"三个一群，五个一伙。","pronunciation":"sānsānwǔwǔ"},{"title":"三山五岳","id":"SSWY","album":"清曹寅《舟中望惠山举酒调培山》：“三山五岳渺何许？云烟汗漫空竛竮。”","translation":"泛指名山；也指各地。","pronunciation":"sānshānwǔyuè"},{"title":"四山五岳","id":"SSWY","album":"明·施耐庵《水浒传》第63回：“引一千余军马，尽是七长八短汉，四山五岳人。”","translation":"泛指四面八方各个地区。","pronunciation":"sìshānwǔyuè"},{"title":"四体不勤，五谷不分","id":"STBQWGBF","album":"先秦孔子《论语微子》：“子路问曰：'子见夫子乎？'丈人曰：'四体不勤，五谷不分，孰为夫子？'”","translation":"形容旧时知识分子脱离生产劳动，缺乏生产知识。","pronunciation":"sìtǐbùqín，wǔgǔbùfēn"},{"title":"四通五达","id":"STWD","album":"西汉·司马迁《史记·郦生陆贾列传》：“夫陈留，天下之冲，四通五达之郊地。”","translation":"四通八达。形容交通畅达无阻。","pronunciation":"sìtōngwǔdá"},{"title":"三汤五割","id":"STWG","album":"明·兰陵笑笑生《金瓶梅》第80回：“众人祭毕，陈敬济下来还礼，请去卷棚内三汤五割管待出门。”","translation":"见“三汤两割”。","pronunciation":"sāntāngwǔgē"},{"title":"三台五马","id":"STWM","album":"清·袁枚《小仓山房尺牍》第22首：“足下三台五马，宦马之后，丞宜百首同归，早践结邻之约。”","translation":"三台：汉朝的尚书（中台）、御史（宪台）、谒者（外台），泛指大臣；五马：用五匹马驾车，借指太守。泛指达官显宦","pronunciation":"sāntáiwǔmǎ"},{"title":"三五成群","id":"SWCQ","album":"明余继登《典故纪闻》：“三五成群，高谈嬉笑。”","translation":"三个一伙；五个一群；指几个人在一起。","pronunciation":"sānwǔchéngqún"},{"title":"十五个吊桶打水，七上八落","id":"SWGDTDSQSBL","album":"明·凌濛初《二刻拍案惊奇》第24卷：“自实心里好像十五个吊桶打水，七上八落似的，身子好像墽盘上蚂蚁，一霎也站脚不住。”","translation":"落：下降。比喻心情不安","pronunciation":"shíwǔgèdiàotǒngdǎshuǐ，qīshàngbāluò"},{"title":"十五个吊桶打水，七上八下","id":"SWGDTDSQSBX","album":"明·施耐庵《水浒传》第26回：“那胡正卿心头十五个吊桶打水，七上八下，暗暗地寻思道：‘既是好意请我们吃酒，如何这般相待，不许人动身？’”","translation":"比喻心情不安","pronunciation":"shíwǔgèdiàotǒngdǎshuǐ，qīshàngbāxià"},{"title":"十围五攻","id":"SWWG","album":"《孙子·谋攻》：“故用兵之法，十则围之，五则攻之。”","translation":"兵力超过敌人十倍就可以包围它，超过五倍就可以攻击它。","pronunciation":"shíwénwǔgōng"},{"title":"三下五除二","id":"SXWCE","album":"清·文康《儿女英雄传》第36回：“偶然在家闲一刻，便见他姊妹两个‘三下五除二’的不离手，‘五亩七分半’的不离口。”","translation":"珠算口诀。形容做事及动作干脆利索。","pronunciation":"sānxiàwǔchúèr"},{"title":"折腰五斗","id":"ZYWD","album":"《晋书·陶潜传》：“素简贵，不私事上官。郡督邮至县，吏白应束带见之，潜叹曰：‘吾不能为五斗米折腰，拳拳事乡里小人邪！’”","translation":"折腰：弯腰。五斗：五斗米。为五斗米而弯腰。比喻忍受屈辱。亦作“折腰升斗”。","pronunciation":"shéyāowǔdòu"},{"title":"十雨五风","id":"SYWF","album":"前蜀·杜光庭《画五岳诸神醮词》：“上扶邦国，傍祐黎元。调十雨五风以登稼穑，普九州六合以致雍熙。”","translation":"十天下一场雨，五天刮一次风。谓风调雨顺。","pronunciation":"shíyǔwǔfēng"},{"title":"三言五语","id":"SYWY","album":"清·文康《儿女英雄传》第37回：“那知一想，才觉长篇累牍，不合体裁，三言五语，包括不住，一时竟大为起难来。”","translation":"三两句话。形容言语十分简短","pronunciation":"sānyánwǔyǔ"},{"title":"三智五猜","id":"SZWC","album":"明施耐庵《水浒传》第24回：“老娘也不消得三智五猜，只一智便猜个十分。”","translation":"比喻用尽心思，多方猜测。","pronunciation":"sānzhìwǔcāi"},{"title":"三贞五烈","id":"SZWL","album":"夏衍《上海屋檐下》第一幕：“你要他三贞五烈，这不是太……”","translation":"见“三贞九烈”。","pronunciation":"sānzhēnwǔliè"},{"title":"五步成诗","id":"WBCS","album":"清·沈炳震《唐诗金粉·敏悟》：“青上书自荐能诗，云：‘子建七步，臣五步之内可塞明诏。’明皇试以除夕、上元、竹火笼等诗，应口而出。上称赏，授以官。”今存《应诏赋得除夜》一首，见《全唐诗》卷一一五。","translation":"唐史青能五步成诗。后用以比喻才思敏捷。清沈炳震《唐诗金粉·敏悟》：“青上书自荐能诗，云：‘子建七步，臣五步之内可塞明诏。’明皇试以除夕、上元、竹火笼等诗，应口而出。上称赏，授以官。”今存《应诏赋得除夜》一首，见《全唐诗》卷一一五。","pronunciation":"wǔbùchéngshī"},{"title":"五彩缤纷","id":"WCF","album":"清吴趼人《二十年目睹之怪现状》：“铺设得五彩缤纷，当中摆了姊姊画的那一堂寿屏，两旁点着五六对青烛。”","translation":"五彩：原指青、黄、赤、白、黑五种颜色；后泛指多种颜色；缤纷：繁多交杂的样子。各种颜色错杂繁复。","pronunciation":"wǔcǎibīnfēn"},{"title":"五彩斑斓","id":"WCB","album":"路遥《平凡的世界》第一卷第七章：“黑色的枝杈，红色的枣子，黄绿相间的树叶，五彩斑斓，迷人极了。”","translation":"五彩：指青、黄、赤、白、黑五色。指多种颜色错杂而繁多耀眼","pronunciation":"wǔcǎibānlán"},{"title":"五车腹笥","id":"WCF","album":"战国·宋·庄周《庄子·天下》：“惠施多方，其书五车。”","translation":"比喻读书多，学识渊博。","pronunciation":"wǔchēfùsì"},{"title":"五藏六府","id":"WCLF","album":"战国·卫·吕不韦《吕氏春秋·达郁》：“凡人三百六十节，九窃，五藏六府。”","translation":"亦作“五脏六腑”。指体内全部器官。五藏：心、肺、脾、肝、肾。六府：大肠、小肠、胃、胆、膀胱、三焦。","pronunciation":"wǔcángliùfǔ"},{"title":"五尺竖子","id":"WCSZ","album":"战国·赵·荀况《荀子·仲尼》：“仲尼之门，五尺之竖子言羞称乎五伯。”","translation":"同“五尺之童”。","pronunciation":"wǔchǐshùzǐ"},{"title":"五尺童子","id":"WCTZ","album":"《战国策·楚策四》：“不知夫五尺童子，方将调饴胶丝，加之乎四仞之上，而下为蝼蚁食也。”","translation":"同“五尺之童”。","pronunciation":"wǔchǐtóngzǐ"},{"title":"五尺之童","id":"WCZT","album":"《孟子·滕文公子》：“从许子之道，则市价不贰，国中无伪；虽使五尺之童适市，莫之或欺。”","translation":"亦作“五尺之僮”。指尚未成年的儿童。古尺短，故称。","pronunciation":"wǔchǐzhītóng"},{"title":"五尺之僮","id":"WCZ","album":"晋·李密《陈情表》：“外无期功强近之亲，内无应门五尺之僮。”","translation":"见“五尺之童”。","pronunciation":"wǔchǐzhītóng"},{"title":"五毒俱全","id":"WDJQ","album":"王朔《过把瘾就死》：“本来是掏个钱包进了监狱，出来就五毒俱全了。”","translation":"五毒：多指蛇、蝎、蜈蚣、壁虎、蟾蜍五种动物。指违法乱纪，各种坏事都做。","pronunciation":"wǔdújùquán"},{"title":"五冬六夏","id":"WDLX","album":"魏巍《山雨》：“不论白天黑夜，五冬六夏，她穿着件小破花褂子，在那儿放哨。”","translation":"犹言不论寒暑。不管什么时候。","pronunciation":"wǔdōngliùxià"},{"title":"五窦联珠","id":"WLZ","album":"《新唐书·窦群传》：“兄常、牟、弟痒、巩皆为郎，工词章，为《联珠集》行于时，义取昆弟若五星然。”","translation":"五窦：唐代窦氏五兄弟。指人兄弟都善作文","pronunciation":"wǔdòuliánzhū"},{"title":"五短身材","id":"WDSC","album":"明施耐庵《水浒传》第32回：“这个好汉祖贯两淮人氏，姓王名英。为他五短身材，江湖上叫他矮脚虎。”","translation":"指人的身材矮小。","pronunciation":"wǔduǎnshēncái"},{"title":"五大三粗","id":"WDSC","album":"梁斌《播火记》：“猛回头，身后站着一个五大三粗的人，仔细一看是大贵。”","translation":"形容人高大粗壮，体格魁梧。","pronunciation":"wǔdàsāncū"},{"title":"五短三粗","id":"WDSC","album":"清·无名氏《刘公案》第三回：“姓陈名叫大勇，年有三十五六岁，生的五短三粗，相貌魁伟。”","translation":"形容人身材矮小但很粗壮","pronunciation":"wǔduǎnsāncū"},{"title":"五典三坟","id":"WDSF","album":"明·张景《飞丸记·赏春话别》：“贯串百家诸子，沉酣五典三坟。”","translation":"犹言三坟五典。泛指古代典籍。","pronunciation":"wǔdiǎnsānfén"},{"title":"五鼎万钟","id":"WDWZ","album":"明·宋濂《永思堂记》：“如羊之跪乳，鸟之反哺，其乐将矢谁，视五鼎万钟若不能过之。”","translation":"指高官厚禄。","pronunciation":"wǔdǐngwànzhōng"},{"title":"五斗折腰","id":"WDZY","album":"《晋书·陶潜传》：“吾不能为五斗米折腰。”","translation":"五斗：五斗米，指微薄的官俸；折腰：弯腰行礼。为微薄的俸禄而对上级卑躬屈膝。","pronunciation":"wǔdǒuzhéyāo"},{"title":"五风十雨","id":"WFSY","album":"汉王充《论衡是应》：“风不鸣条，雨不破块，五日一风，十日一雨。”","translation":"五天刮一次风，十天下一场雨。形容风调雨顺。","pronunciation":"wǔfēngshíyǔ"},{"title":"五方杂处","id":"WFZC","album":"东汉班固《汉书地理志下》：“是故五方杂厝，风俗不纯。”","translation":"五方：东南西北中，泛指各处；处：住。形容大城市的居民，从什么地方来的人都有。","pronunciation":"wǔfāngzáchǔ"},{"title":"五方杂厝","id":"WFZ","album":"东汉·班固《汉书·地理志》：“是故五方杂厝，风俗不纯。”","translation":"谓各地方的人杂居一处。形容居民复杂。","pronunciation":"wǔfāngzácuò"},{"title":"五谷不分","id":"WGBF","album":"先秦孔子《论语微子》：“四体不勤，五谷不分，孰为夫子？”","translation":"五谷：通常指稻、黍、稷、麦、菽。指不参加劳动，不能辨别五谷。形容脱离生产劳动，缺乏生产知识。","pronunciation":"wǔgǔbùfēn"},{"title":"五谷不升","id":"WGBS","album":"《谷梁传·襄公二十四年》：“五谷不升，谓之大侵。”","translation":"庄稼不生长。指灾荒之年。","pronunciation":"wǔgǔbùshēng"},{"title":"五羖大夫","id":"WLDF","album":"《史记·秦本纪》：“乃使人谓楚曰：‘吾媵臣百里奚在焉，请以五羖羊皮赎之。’……缪公大说，授之国政，号早曰‘五羖大夫’。”","translation":"羖：公羊。特指春秋虞有贤才的大夫百里奚。","pronunciation":"wǔgǔdàfū"},{"title":"五谷丰登","id":"WGFD","album":"《六韬龙韬立将》：“是故风雨时节，五谷丰熟，社稷安宁。”","translation":"五谷：指稻、黍（小米）、稷（高梁）、麦、菽（豆）泛指粮食作物；丰登：丰收上场打晒。形容农业丰收年景。","pronunciation":"wǔgǔfēngdēng"},{"title":"五谷丰稔","id":"WGF","album":"唐·韦嗣立《论刑法多滥疏》：“风雨以时，则五谷丰稔。”","translation":"五谷：稻、黍、稷、麦、菽的总称，泛指各种谷物；稔：庄稼成熟。指年成好，农作物丰收","pronunciation":"wǔgǔfēngrěn"},{"title":"五谷丰熟","id":"WGFS","album":"《六韬·龙韬·立将》：“是故风雨时节，五谷丰熟，社稷安宁。”","translation":"见“五谷丰登”。","pronunciation":"wǔgǔfēngshú"},{"title":"五鬼闹判","id":"WGNP","album":"鲁迅《小说旧闻钞·三保太监西洋记》：“惟其中有五鬼闹判一语，不知所出；以问余，亦无以应也。”","translation":"许多小鬼戏弄判官。剧目名。旧时也比喻居上位者被对自己不满或轻蔑的人所戏弄。","pronunciation":"wǔguǐnàopàn"},{"title":"五光十色","id":"WGSS","album":"南朝梁江淹《丽色赋》：“五光徘徊，十色陆离。”","translation":"五、十：表示多。形容色泽鲜艳；花样繁多。也比喻事物形形色色。","pronunciation":"wǔguāngshísè"},{"title":"五花八门","id":"WHBM","album":"清吴敬梓《儒林外史》第42回：“那小戏子一个个戴了貂裘，簪了雉羽，穿极新鲜的靠子，跑上场来，串了一个五花八门。”","translation":"原指五行阵和八门阵。这是古代两种战术变化很多的阵势。比喻变化多端或花样繁多。","pronunciation":"wǔhuābāmén"},{"title":"五行并下","id":"WXBX","album":"南朝宋范晔《后汉书应奉传》：“奉少聪明，自为童儿及长，凡所经履，莫不暗记，读书五行并下。”","translation":"五行文字一并看。形容读书速度快。","pronunciation":"wǔhángbìngxià"},{"title":"五行八作","id":"WXBZ","album":"老舍《龙须沟》第一幕：“五行八作，就没你这一行。”","translation":"泛指各行各业。","pronunciation":"wǔhángbāzuò"},{"title":"五花大绑","id":"WHDB","album":"李季《王贵与李香香》第二部二：“顺着捆来横着绑，五花大绑吊在二梁上。”","translation":"先用绳索套住脖子，又绕到背后反剪两臂的绑人方式。","pronunciation":"wǔhuādàbǎng"},{"title":"五侯九伯","id":"WHJB","album":"春秋·鲁·左丘明《左传·僖公四年》：“五侯九伯，女实征之，以夹辅周室。”","translation":"五侯：公、侯、伯、子、男五等诸侯；九伯：九州之长。泛指天下诸侯","pronunciation":"wǔhóujiǔbó"},{"title":"五合六聚","id":"WHLJ","album":"《史记·春申君列传》：“天下五合六聚而不敢救，王之威亦单矣。”","translation":"比喻屡次聚合到一起。","pronunciation":"wǔhéliùjù"},{"title":"五黄六月","id":"WHLY","album":"明吴承恩《西游记》第27回：“只为五黄六月，无人使唤，父母又年老，所以亲身来送。”","translation":"指阴历五、六月间天气最炎热的时候。","pronunciation":"wǔhuángliùyuè"},{"title":"五侯蜡烛","id":"WHLZ","album":"语出唐·韩翃《寒食》诗：“日暮汉宫传蜡烛，轻烟散入五侯家。”旧俗寒食节禁火，而宫中传烛分火于五侯之家，贵宠可见。","translation":"语出唐韩翃《寒食》诗：“日暮汉宫传蜡烛，轻烟散入五侯家。”旧俗寒食节禁火，而宫中传烛分火于五侯之家，贵宠可见。后用以形容豪门权势的显赫景象。","pronunciation":"wǔhòulàzhú"},{"title":"五侯七贵","id":"WHQG","album":"唐·李白《流夜郎赠卒判官》诗：“昔在长安醉花柳，五侯七贵同杯酒。”","translation":"泛指达官显贵。","pronunciation":"wǔhòuqīguì"},{"title":"五湖四海","id":"WHSH","album":"唐吕岩《绝句》：“斗笠为帆扇作舟，五湖四海任遨游。”","translation":"五湖：我国的五大湖泊（指鄱阳湖、洞庭湖、洪泽湖、太湖、巢湖）。泛指四面八方；全国各地。有时也指世界各地。现有时也比喻广泛的团结。","pronunciation":"wǔhúsìhǎi"},{"title":"五花杀马","id":"WHSM","album":"","translation":"毛色凋落的马。比喻年老体衰。","pronunciation":"wǔhuāshāmǎ"},{"title":"五脊六兽","id":"WJLS","album":"老舍《四世同堂》：“这些矛盾在他心中乱碰，使他一天到晚的五脊六兽的不大好过。”","translation":"形容因有非分之想而忐忑不安。","pronunciation":"wǔjíliùshòu"},{"title":"五积六受","id":"WJLS","album":"清·西周生《醒世姻缘传》第59回：“这五积六受的甚么模样？可是叫亲家笑话。”","translation":"形容不便活动，只能呆板地坐着。","pronunciation":"wǔjīliùshòu"},{"title":"五角六张","id":"WJLZ","album":"唐郑棨《开天传信记》：“梦里几回富贵，觉来依旧凄惶。今日是千年一遇，叩头莫五角六张。”","translation":"角、张：星宿名。形容七颠八倒。也比喻事情不顺利。","pronunciation":"wǔjiǎoliùzhāng"},{"title":"五经扫地","id":"WJSD","album":"《新唐书·祝钦明传》：“帝与群臣宴，钦明自言能《八风舞》，帝许之。钦明体肥丑，据地摇头睆目，左右顾眄，帝大笑。吏部侍郎卢藏用叹曰：‘是举《五经》扫地矣。’”","translation":"五经：借指文人。把文人的脸都丢尽了。旧时也指圣人之道泯灭。","pronunciation":"wǔjīngsǎodì"},{"title":"五讲四美","id":"WJSM","album":"王朔《一半是火焰，一半是海水》：“我满面通红地后躲，左右张望：‘别别，五讲四美。’”","translation":"五讲：讲文明、讲礼貌、讲卫生、讲秩序、讲道德；四美：指心灵美、语言美、行为美、环境美。指新时期人们行为准则","pronunciation":"wǔjiǎngsìměi"},{"title":"五零二落","id":"WLEL","album":"柳青《铜墙铁壁》第13章：“他和婆姨用复员费做本钱逢集摆小摊的货箱子，被捣得五零二落，东一块西一块扔在院里。”","translation":"犹言七零八落。","pronunciation":"wǔlíngèrluò"},{"title":"五雷轰顶","id":"WLHD","album":"老舍《龙须沟》：“要是我从中赚一个钱，天上现在有云影，教我五雷轰顶。”","translation":"比喻不得好死","pronunciation":"wǔléihōngdǐng"},{"title":"五陵豪气","id":"WLHQ","album":"元·无名氏《王粲登楼》第三折：“我怎肯与鸟兽同群，豺狼作伴，儿曹同辈，兀的不屈沉杀五陵豪气。”","translation":"谓高门贵族的豪迈气概。","pronunciation":"wǔlíngháoqì"},{"title":"五陵年少","id":"WLNS","album":"唐·白居易《瑟琶行》：“曲罢曾教善才服，妆成每被秋娘妒。五陵年少争缠头，一曲红绡不知数。”","translation":"指京都富豪子弟。","pronunciation":"wǔlíngniánshào"},{"title":"五痨七伤","id":"WQS","album":"老舍《二马》：“两位马先生都没有脏病，也没有五痨七伤，于是又平安的过了一关。”","translation":"痨：结核病。泛指各种疾病和致病因素","pronunciation":"wǔláoqīshāng"},{"title":"五劳七伤","id":"WLQS","album":"元刘唐卿《降桑椹》第二折：“糊突虫云：'我会医五劳七伤。'”","translation":"泛指各种疾病和致病因素。","pronunciation":"wǔláoqīshāng"},{"title":"五零四散","id":"WLSS","album":"郭沫若《恢复怀亡友》诗：“你的生命不消说会长留在天地之间，但我们的革命势力呀已经是五零四散。”","translation":"形容零星涣散。","pronunciation":"wǔlíngsìsàn"},{"title":"五里雾","id":"WLW","album":"《后汉书·张楷传》：“性好道术，能作五里雾。”","translation":"比喻模糊恍惚、不明真相的境界。","pronunciation":"wǔlǐwù"},{"title":"五里雾中","id":"WLWZ","album":"南朝宋范晔《后汉书张楷传》：“性好道术，能作五里雾。”","translation":"比喻模糊恍惚、不明真相的境界。","pronunciation":"wǔlǐwùzhōng"},{"title":"五陵英少","id":"WLYS","album":"清·龚自珍《水调歌头·寄徐二义尊大梁》词：“结客五陵英少，脱手黄金一笑，霹雳应弓弦。”","translation":"同“五陵年少”。","pronunciation":"wǔlíngyīngshǎo"},{"title":"五里云雾","id":"WLYW","album":"清·无垢道人《八仙全传》第13回：“那窗外的孙杰却被三姊弄得如在五里云雾中。”","translation":"令人迷惑的纠纷或混乱，迷离恍惚、不明真相的境界","pronunciation":"wǔlǐyúnwù"},{"title":"五类杂种","id":"WLZZ","album":"西汉·刘安《淮南子·隧形训》：“五类杂种，兴乎外，肖形而蕃。”","translation":"指各种各类","pronunciation":"wǔlèizázhǒng"},{"title":"五马分尸","id":"WMFS","album":"王西彦《老太婆伯伯》：“汪精卫私通外国却饶放不得，抓到时应该千刀万剐，五马分尸。”","translation":"古代的一种酷刑，用五匹马分裂人的头和四肢。比喻硬把完整的东西分割得非常零碎。","pronunciation":"wǔmǎfēnshī"},{"title":"五马六猴","id":"WMLH","album":"","translation":"形容不守规矩、不受管束的人","pronunciation":"wǔmǎliùhóu"},{"title":"五男二女","id":"WNEN","album":"《诗·召南·何彼襛矣序》孔颖达疏引晋皇甫谧云：“武王五男二女。”","translation":"有子五人，有女二人。后用以表示子孙繁衍，有福气。宋时常绘印五男二女图于纸笺或礼品上以示祝福。","pronunciation":"wǔnánèrnǚ"},{"title":"五内俱崩","id":"WNJB","album":"清·黄宗羲《书钱美恭寻亲事》：“美闻此言，五内崩裂。”","translation":"伤心得连内脏都破碎了。形容极度哀痛。","pronunciation":"wǔnèijùbēng"},{"title":"五内如焚","id":"WNRF","album":"清李汝珍《镜花缘》第57回：“而且年来多病，日见衰颓，每念主上，不觉五内如焚。”","translation":"焚：烧。五脏都像着了火一样。形容极度的忧愁和悲伤。","pronunciation":"wǔnèirúfén"},{"title":"五抢六夺","id":"WQLD","album":"郭沫若《水平线下·到宜兴去》：“船一靠岸，他们便蜂拥上来，遇着街上有卖食的便五抢六夺地捞到口里。”","translation":"竞相抢夺。","pronunciation":"wǔqiǎngliùduó"},{"title":"五亲六眷","id":"WQLJ","album":"周立波《暴风骤雨》第一部：“他的五亲六眷，家理师徒，磕头摆把的，布满全屯。”","translation":"指各种关系的亲眷。","pronunciation":"wǔqīnliùjuàn"},{"title":"五雀六燕","id":"WQLY","album":"《九章算术·方程》：“今有五雀六燕，集称之衡，雀俱重，燕俱轻，　一雀一燕交而处，衡适平。”","translation":"比喻双方轻重相差不多。","pronunciation":"wǔquèliùyàn"},{"title":"五日京兆","id":"WRJZ","album":"东汉班固《汉书张敞传》：“今五日京兆耳，安能复案事？”","translation":"京兆：即京兆尹，古时国都所在地的行政长官。比喻任职时间短或即将去职。","pronunciation":"wǔrìjīngzhào"},{"title":"五日一风，十日一雨","id":"WRYFSRYY","album":"汉·王充《论衡·是应》：“风不鸣条，雨不破块，五日一风，十日一雨。”","translation":"五天刮一次风，十天下一场雨。形容风调雨顺","pronunciation":"wǔrìyīfēng，shírìyīyǔ"},{"title":"五色缤纷","id":"WSF","album":"清吴趼人《二十年目睹之怪现状》第43回：“连日把书房改做了帐房……铺设得五色缤纷。”","translation":"指颜色繁多，非常好看。","pronunciation":"wǔsèbīnfēn"},{"title":"五十步笑百步","id":"WSBXBB","album":"先秦孟轲《孟子梁惠王上》：“填然鼓之，兵刃既接，弃甲曳兵而走，或百步而后止，或五十步而后止。以五十步笑百步，则何如？”","translation":"败逃五十步的人讥笑败逃一百步的人。比喻缺点或错误性质相同，只有情节或重或轻的区别。","pronunciation":"wǔshíbùxiàobǎibù"},{"title":"五石六鹢","id":"WSL","album":"《公羊传·僖公十六年》：“陨石于宋五。是月，六鹢退飞过宋都。”","translation":"语出《公羊传·僖公十六年》：“霣石于宋五。是月，六鹢退飞过宋都。曷为先言霣而后言石？霣石记闻，闻其磌然，视之则石，察之则五……曷为先言六而后言鹢？六鹢退飞，记见也，视之则六，察之则鹢，徐而察之则退飞。”后用以比喻记述准确或为学缜密有序。","pronunciation":"wǔshíliùyī"},{"title":"五世其昌","id":"WSQC","album":"先秦左丘明《左传庄公二十二年》：“有妫之后，将育于姜。五世其昌，并于正卿。八世之后，莫之与京。”","translation":"世：代；其：时间副词，交要。五世之后，子孙昌盛。旧时用于祝人新婚。","pronunciation":"wǔshìqíchāng"},{"title":"五申三令","id":"WSSL","album":"前蜀·杜光庭《川主太师南斗大醮词》：“玉律金科，虑爽重轻之信；五申三令，渐乖训抚之宜。”","translation":"三令五申。谓再三告诫。","pronunciation":"wǔshēnsānlìng"},{"title":"梧鼠五技","id":"WSWJ","album":"先秦荀况《荀子劝学》：“腾蛇无足而飞，梧鼠五技而穷。”","translation":"比喻才能虽多不精。","pronunciation":"wúshǔwǔjì"},{"title":"五色无主","id":"WSWZ","album":"战国吕不韦《吕氏春秋知分》：“禹南省，方济乎江，黄龙负舟，舟中之人，五色无主。”","translation":"五色：指人脸上的神采；无主：无法主宰。形容恐惧而神色不定。","pronunciation":"wǔsèwúzhǔ"},{"title":"五色相宣","id":"WSXX","album":"《宋书·谢灵运传论》：“夫五色相宣，八音协畅，由乎玄黄律吕，各适物宜。”","translation":"各种相互映衬。形容诗歌辞藻华丽。","pronunciation":"wǔsèxiāngxuān"},{"title":"五体投诚","id":"WTTC","album":"","translation":"比喻佩服到了极点。同“五体投地”。","pronunciation":"wǔtǐtóuchéng"},{"title":"五体投地","id":"WTTD","album":"《梁书中天竺国传》：“今以此国君臣民庶，山川珍重，一切珍重，一切归属，五体投地，归诚大王。”","translation":"五体：头和四肢；投地：着地。两手、两膝和头一起着地。原为古代印度最恭敬的一种致敬仪式。后比喻心悦诚服或敬佩到了极点。","pronunciation":"wǔtǐtóudì"},{"title":"为五斗米折腰","id":"WWDMZY","album":"《晋书陶潜传》：“吾不能为五斗米折腰，拳拳事乡里小人邪。”","translation":"五斗米：晋代县令的俸禄，后指微薄的俸禄；折腰：弯腰行礼，指屈身于人。为了微薄的俸禄而弯腰行礼。比喻没有骨气。","pronunciation":"wèiwǔdǒumǐzhéyāo"},{"title":"五味俱全","id":"WWJQ","album":"《礼记礼运》：“五味六和，十二食，还相为质也。”","translation":"五味：酸甜苦辣咸的合称。形容调味齐全适宜。","pronunciation":"wǔwèijùquán"},{"title":"五行俱下","id":"WXJX","album":"晋·华峤《汉书》：“故世称‘应世叔读书，五行俱下。’”","translation":"谓读书敏捷神速。","pronunciation":"wǔxíngjùxià"},{"title":"五虚六耗","id":"WXLH","album":"《中国现在记》第九回：“你也晓得，皇上家的钱都是要功归实用的，那里能由你五虚六耗，赚了许多。”","translation":"比喻弄虚作假。","pronunciation":"wǔxūliùhào"},{"title":"五心六意","id":"WXLY","album":"汉焦赣《易林睽之随》：“五心六意，歧道多怪，非君本志，生我恨悔。”","translation":"指三心二意。","pronunciation":"wǔxīnliùyì"},{"title":"五星联珠","id":"WXLZ","album":"清·薛福成《庸庵笔记·咸丰季年三奸伏诛》：“八月朔旦，日月合璧，五星联珠，登极之日，久阴忽霁，八表镜清。”","translation":"五星：金、木、水、火、土星。五颗行星出现在同一方向，被认为是祥瑞兆头","pronunciation":"wǔxīngliánzhū"},{"title":"五星连珠","id":"WXLZ","album":"《竹书纪年》上卷：“凤凰在庭，朱草生，嘉禾秀，甘露润，醴泉出，日月如合璧，五星如连珠。”","translation":"五星：金、木、水、火、土星。五颗行星出现在同一方向，被认为是祥瑞兆头","pronunciation":"wǔxīngliánzhū"},{"title":"五言长城","id":"WYCC","album":"《新唐书·秦系传》：“长卿自以为五言长城，系用偏师攻之，虽老益壮。”","translation":"称誉善于作五言诗的好手。","pronunciation":"wǔyánchángchéng"},{"title":"五月飞霜","id":"WYFS","album":"","translation":"借指冤狱。","pronunciation":"wǔyuèfēishuāng"},{"title":"五蕴皆空","id":"WYJK","album":"《心经》：“观自在菩萨，行深船若波罗密多，时照见五蕴皆空，度一切苦厄。”","translation":"五蕴：佛家语，指色、受、想、行、识。众生由此五者积集而成身，故称五蕴。五蕴都没有了。指佛家修行的最高境界。","pronunciation":"wǔyùnjiēkōng"},{"title":"五音六律","id":"WYLL","album":"《尚书·益稷》：“予欲闻六律，五声，八音，在治忽；以出纳五言，汝听。”《孟子·离娄上》：“不以六律，不能正五音。”","translation":"五音：指宫、商、角、徵、羽五个音阶；六律：定乐器的标准。指古代音律。后也泛指音乐。","pronunciation":"wǔyīnliùlǜ"},{"title":"五颜六色","id":"WYLS","album":"清李汝珍《镜花缘》第14回：“惟各人所登之云，五颜六色，其形不一。”","translation":"色彩鲜艳繁多；非常美丽。","pronunciation":"wǔyánliùsè"},{"title":"五月披裘","id":"WYP","album":"晋·皇甫谧《高士传》卷上：“五月披裘而负薪，岂取金者哉？”","translation":"比喻清高廉洁。","pronunciation":"wǔyuèpīqiú"},{"title":"五月粜新谷","id":"WYXG","album":"唐·聂夷中《咏田家》诗：“二月卖新丝，五月粜新谷；医得眼前疮，剜却心头肉。”","translation":"五月里稻谷尚未熟，就预卖新谷。比喻十分贫穷。","pronunciation":"wǔyuètiàoxīngǔ"},{"title":"五子登科","id":"WZDK","album":"《宋史窦仪传》记载：宋代窦禹钧的五个儿子仪、俨、侃、偁、僖相继及第，故称“五子登科”。","translation":"用作结婚的祝福词或吉祥语。","pronunciation":"wǔzǐdēngkē"},{"title":"五脏六腑","id":"WZLF","album":"宋张君房《云笈七签》：“每坐常闭目内视，存见五脏六腑，久久自得，分明了了。”","translation":"五脏：脾、肺、肾、肝、心；六腑：胃、大肠、小肠、三焦、膀胱、胆。人体内的各种器官。比喻事物的内部情况。","pronunciation":"wǔzàngliùfǔ"},{"title":"五洲四海","id":"WZSH","album":"司马达《魔鬼的笛音》：“五洲四海的人们，都在以不同的眼光和兴趣，注视着中国未来的发展。”","translation":"泛指世界各地。","pronunciation":"wǔzhōusìhǎi"},{"title":"学富五车","id":"XFWC","album":"先秦庄周《庄子天下》：“惠施多方，其书五车。”","translation":"学问很多；有五车书。形容读书很多；学识渊博。富：丰富；五车：指五车书；形容书很多。","pronunciation":"xuéfùwǔchē"},{"title":"咸五登三","id":"XWDS","album":"《史记·司马相如列传》：“方将增泰山之封，加梁父之事，鸣和鸾，扬乐颂，上咸五，下登三。”《汉书·司马相如传下》引此文，颜师古注：“咸，皆也，言汉德与五帝皆盛，而登于三王之上也。”","translation":"《史记·司马相如列传》：“方将增泰山之封，加梁父之事，鸣和鸾，扬乐颂，上咸五，下登三。”《汉书·司马相如传下》引此文，颜师古注：“咸，皆也，言汉德与五帝皆盛，而登于三王之上也。”后因以“咸五登三”谓帝德广被，同于五帝而超于三王。","pronunciation":"xiánwǔdēngsān"},{"title":"夏五郭公","id":"XWGG","album":"《春秋·桓公十四年》：“十有四年春正月，公会郑伯于曹。无冰。夏五。”《春秋·庄公二十四年》：“冬，戎侵曹。曹羁出奔陈。赤归于曹。郭公。”","translation":"《春秋》一书中，“夏五”后缺“月”字，“郭公”下未记事。比喻文字脱漏。","pronunciation":"xiàwǔguōgōng"},{"title":"一目五行","id":"YMWX","album":"《辽史·杨遵勖传》：“天下之事，丛于枢府，簿书填委。遵勖一目五行俱下，判决如流。”","translation":"犹一目十行。","pronunciation":"yīmùwǔxíng"},{"title":"一身五心","id":"YSWX","album":"汉·焦延寿《易林》卷一：“三人异趋，反复迷惑。一身五心，乱无所得。”","translation":"比喻杂念很多。","pronunciation":"yīshēnwǔxīn"},{"title":"一推六二五","id":"YTLEW","album":"浩然《艳阳天》第127章：“你想一推六二五地混过关去，办不到！”","translation":"原是珠算斤两法口诀。比喻推卸干净","pronunciation":"yītuīliùèrwǔ"},{"title":"一退六二五","id":"YTLEW","album":"欧阳山《三家巷》：“陈家的老的、小的，只是个一退六二五，说他们做买卖的人素来不结交官府，推得干干净净！”","translation":"原是珠算斤两法口诀。比喻推卸干净。","pronunciation":"yītuīliùèrwǔ"},{"title":"吆五喝六","id":"WHL","album":"清·钱彩《说岳全传》第48回：“你这个将军，好不知事务，只管的吆五喝六，叫我如何使出这盘头盖顶来？”","translation":"掷骰子时的喊声(五、六是骰子的点子)，泛指赌博时的喧哗声","pronunciation":"yāowǔhèliù"},{"title":"以五十步笑百步","id":"YWSBXBB","album":"战国·邹·孟轲《孟子·梁惠王上》：“填然鼓之，兵刃既接，弃甲曳兵而走，或百步而后止，或五十步而后止。以五十步笑百步，则何如？”","translation":"作战时败逃五十步的人讥笑败逃一百步的人。比喻缺点或错误性质相同，只有情节或重或轻的区别","pronunciation":"yǐwǔshíbùxiàobǎibù"},{"title":"一五一十","id":"YWYS","album":"明施耐庵《水浒传》第25回：“这妇人听了这话，也不回言，却踅过来，一五一十，都对王婆和西门庆说了。”","translation":"五个；十个地计数。指原原本本；清清楚楚；毫无遗漏。","pronunciation":"yīwǔyīshí"},{"title":"知二五而不知十","id":"ZEWEBZS","album":"西汉·司马迁《史记·越王勾践世家》：“且王之所求者，斗晋、楚也；晋、楚不斗，越兵不起，是知二五而不知十也。”","translation":"形容只知道某一方面，而不知道综合全面地看","pronunciation":"zhīèrwǔérbùzhīshí"},{"title":"知二五而未识于十","id":"ZEWEWSYS","album":"南朝·梁·刘峻《辩命论》：“同知三者，定乎造化，荣辱之境，独曰由人。是知二五而未识于十。”","translation":"形容只知道某一方面，而不知道综合全面地看","pronunciation":"zhīèrwǔérwèishíyúshí"},{"title":"攒三集五","id":"ZSJW","album":"冰心《寄小读者》十一：“忆起昨夜那些小孩子，接过礼物，攒三集五，聚精凝神，一层层打开包裹的光景。”","translation":"见“攒三聚五”。","pronunciation":"zǎnsānjíwǔ"}]}