{"items":[{"title":"此地无银三百两","id":"CDWYSBL","album":"民间故事：有人把银子埋藏地下，上面留字写道：“此地无银三百两”。邻人阿二偷走了银子，也留字写道：“隔壁阿二不曾偷”。","translation":"比喻想要隐瞒、掩盖真相；因手法拙劣；反而彻底暴露。","pronunciation":"cǐdìwúyínsānbǎiliǎng"},{"title":"村歌社鼓","id":"CGSG","album":"元·姚守中《粉蝶儿·牛诉冤》套曲：“为伍的是伴哥王留，受用的是村歌社鼓。”","translation":"民间的歌谣、鼓乐。","pronunciation":"cūngēshègǔ"},{"title":"村歌社舞","id":"CGSW","album":"宋·杨万里《宿新市徐公店》诗：“春光都在柳梢头，拣折长条插洒楼。便作在家寒食看，村歌社舞更风流。”","translation":"指民间歌舞。","pronunciation":"cūngēshèwǔ"},{"title":"顿脚捶胸","id":"DJCX","album":"《中国民间故事选·打碎的碗》：“可是国王顿脚捶胸地骂道：‘没用的东西们，如果发现碗上有一道裂纹，就反你们每本个中绞死一个！’”","translation":"同“顿足搥胸”。","pronunciation":"dùnjiǎochuīxiōng"},{"title":"多灾多难","id":"DZDN","album":"郭沫若《伟大的爱国诗人——屈原》：“他很知道民间的疾苦，看到人民生活的多灾多难，他经常叹息而至于流眼泪。”","translation":"指灾难深重","pronunciation":"duōzāiduōnàn"},{"title":"刮骨抽筋","id":"GGCJ","album":"郭沫若《反正前后》第二篇四：“清室二百七十余年间的统治在官场中已经凝集成了一个牢不可破的贪婪恶习。一般的官府均以贪赃枉法为能，在上的鬻爵收贿，在下的刮骨抽筋。‘官官相卫’，让你受苦的民间硬是呼天无路，吁地无门。”","translation":"喻极力搜刮、榨取民财。","pronunciation":"guāgǔchōujīn"},{"title":"街谈巷说","id":"JTXS","album":"《文选·曹植·与杨德祖书》：“今往仆少小所著辞赋一通相与。夫街谈巷说，必有可采；击辕之歌，有应风雅，匹夫之思，未易轻弃也。”","translation":"见“街谈巷议”。","pronunciation":"jiētánxiàngshuō"},{"title":"街谈巷议","id":"JTXY","album":"汉张衡《西京赋》：“街谈巷议，弹射臧否。”","translation":"大街小巷里人们的谈论。","pronunciation":"jiētánxiàngyì"},{"title":"街谈巷语","id":"JTXY","album":"《汉书·艺文志》：“小说家者流，盖出于稗官，街谈巷语，道听途说者之所造也。”","translation":"见“街谈巷议”。","pronunciation":"jiētánxiàngyǔ"},{"title":"街谈巷谚","id":"JTXY","album":"清·昭梿《啸亭杂录·松相公好理学》：“公于召见时，凡民间隐情，街谈巷谚，无不率口而出，毫无隐忌，故人多尼之。”","translation":"见“街谈巷议”。","pronunciation":"jiētánxiàngyàn"},{"title":"街谭巷议","id":"JTXY","album":"唐·丘光庭《兼明书·杂说·日远近》：“仲尼祖述尧舜，宪章文武，其道大德尊，岂与小儿街谭巷议乎又六合之外，非关教化者，仲尼弃而不论，故子路问事鬼神与死，皆不答也。”","translation":"见“街谈巷议”。","pronunciation":"jiētánxiàngyì"},{"title":"里谈巷议","id":"LTXY","album":"宋·曾敏行《独醒杂说·附录》：“上自朝廷典章，下至稗里杂家，里谈巷议，无不记览。”","translation":"里：乡里、邻居。邻里街巷间人们的议论谈说。指民间的议论。","pronunciation":"lǐtánxiàngyì"},{"title":"天方夜谭","id":"TFYT","album":"张洁《沉重的翅膀》：“郑子云的话在他看来是书呆子的呓语，咬文嚼字、天方夜谭、理想主义。”","translation":"比喻虚诞、离奇的议论。","pronunciation":"tiānfāngyètán"},{"title":"武断乡曲","id":"WDXQ","album":"《史记平准书》：“当此之时，网疏而民富，役财骄溢，或至兼并豪党之徒，以武断于乡曲。”","translation":"指凭借势力在民间横行霸道。","pronunciation":"wǔduànxiāngqū"},{"title":"相安无事","id":"XAWS","album":"宋邓牧《伯牙琴吏道》：“古者君民间相安无事者，固不得无吏，而为员不多。”","translation":"安：平安。指彼此相处没有什么争执或冲突；还过得去。","pronunciation":"xiāngānwúshì"},{"title":"下里巴人","id":"XLBR","album":"战国楚宋玉《对楚王问》：“客有歌于郢中者，其始曰：《下里巴人》，国中属而和者数千人。”","translation":"下里：乡里；巴人：巴蜀的人民。原指战国时代楚国民间流行的一种歌曲。比喻通俗的文学艺术。","pronunciation":"xiàlǐbārén"},{"title":"遇事生端","id":"YSSD","album":"《中国民间故事选·秧状元》：“他常常遇事生端，专找岔子。”","translation":"见“遇事生风”。","pronunciation":"yùshìshēngduān"},{"title":"纵横开合","id":"ZHKH","album":"柯灵《向拓荒者致敬》：“这些文学的核心是迫切的现实感，而笔锋所至，纵横开合，娓娓而谈，从历史掌故……直至民间说唱与绘画。”","translation":"指操纵自如。同“纵横开阖”。","pronunciation":"zònghéngkāihé"},{"title":"郑卫之音","id":"ZWZY","album":"《礼记·乐记》：“魏文侯问于子夏曰：‘吾端冕而听古乐，则惟恐卧；听郑卫之音，则不知倦。敢问古乐之如彼，何也？新乐之如此，何也？’”","translation":"郑卫：指春秋时的郑国和卫国。指春秋战国时郑、卫等国的民间音乐。","pronunciation":"zhèngwèizhīyīn"},{"title":"坐薪悬胆","id":"ZXXD","album":"《金史术虎筠寿传》：“中都食尽，远弃庙社，陛下当坐薪悬胆之日，奈何以球鞠细物动摇民间。”","translation":"坐卧在柴草上，悬胆尝其味。比喻刻苦自励，奋发图强。","pronunciation":"zuòxīnxuándǎn"}]}