{"items":[{"title":"抱头鼠窜","id":"BTSC","album":"宋苏轼《代侯公说项羽辞》：“夫陆贾，天下之辩士，吾前日遣之，智穷辞屈，抱头鼠窜，颠狈而归，仅以身免。”","translation":"窜：逃跑；乱跑。抱着头像老鼠一样迅速逃跑。多用来形容受到沉重打击狼狈逃跑的样子。","pronunciation":"bàotóushǔcuàn"},{"title":"虫臂鼠肝","id":"CBSG","album":"庄周《庄子大宗师》：“以汝为鼠肝乎？以汝为虫臂乎？”","translation":"比喻极微小而无价值的东西。","pronunciation":"chóngbìshǔgān"},{"title":"城狐社鼠","id":"CHSS","album":"《晋书谢鲲传》：“对曰：‘隗诚始祸，然城狐社鼠也。’”","translation":"社：古时指土地神及其庙宇。以城墙为凭借的狐狸；以土地庙为依托的老鼠。比喻仗势作恶的小人。","pronunciation":"chénghúshèshǔ"},{"title":"鸱鸦嗜鼠","id":"YSS","album":"《庄子·齐物论》：“民食刍豢，麋鹿食荐，且甘带，鸱鸦嗜鼠，四者孰知正味。”","translation":"比喻嗜好各不相同。","pronunciation":"chīyāshìshǔ"},{"title":"鸱张鼠伏","id":"ZSF","album":"《明史·贵州土司传序》：“蛮人鸱张鼠伏，自其常态。”","translation":"比喻时而嚣张，时而隐蔽。","pronunciation":"chīzhāngshǔfú"},{"title":"掉头鼠窜","id":"DTSC","album":"明·许自昌《水浒记·纵骑》：“他怎肯网开三面漫相遮，教我掉头鼠窜无宁贴。”","translation":"转过头来像老鼠一样逃窜。形容狼狈逃窜。","pronunciation":"diàotóushǔcuàn"},{"title":"胆小如鼠","id":"DXRS","album":"北齐魏收《魏书汝阴王天赐传》：“言同百舌，胆若鼷鼠。”","translation":"胆子小得像老鼠一般。形容人胆小怕事。","pronunciation":"dǎnxiǎorúshǔ"},{"title":"奉头鼠窜","id":"FTSC","album":"《汉书·蒯通传》：“始常山王、成安君故相与为刎颈之交，及争张黡、陈释之事，常山王奉头鼠窜，以归汉王。”","translation":"奉：捧。抱着头，象老鼠那样惊慌逃跑。形容受到打击后狼狈逃跑。","pronunciation":"fèngtóushǔcuàn"},{"title":"孤雏腐鼠","id":"GCFS","album":"南朝宋范晔《后汉书窦宪传》：“今贵主尚见枉夺，何况小人哉！国家弃宪如孤雏腐鼠耳。”","translation":"孤独的鸟雏，腐烂的老鼠。比喻微贱而不值得一说的人或事物。","pronunciation":"gūchúfǔshǔ"},{"title":"官仓老鼠","id":"GCLS","album":"唐·曹邺《官仓鼠》：“官仓老鼠大如斗，见人开仓也不走。”","translation":"官仓：放公粮的地方。比喻有所依恃的恶人。","pronunciation":"guāncāngláoshǔ"},{"title":"狗逮老鼠","id":"GDLS","album":"柳青《狠透铁》五：“你狗逮老鼠多管那闲事做啥？”","translation":"见“狗拿耗子”。","pronunciation":"gǒudǎilǎoshǔ"},{"title":"狗盗鼠窃","id":"GDSQ","album":"汉·荀悦《汉纪·惠帝纪》：“今明主在于上，法令具于下，安得有反贼乎？此真狗盗鼠窃耳！”","translation":"像鼠狗那样的盗贼。比喻成不了气候的反叛者。","pronunciation":"gǒudàoshǔqiè"},{"title":"过街老鼠","id":"GJLS","album":"清翟灏《通俗编兽畜》：“《慎子》：‘一兔过街，百人逐之。’按，流俗有过街老鼠语，似承此而讹。”","translation":"比喻人人痛恨的坏人。","pronunciation":"guòjiēlǎoshǔ"},{"title":"孤豚腐鼠","id":"GFS","album":"清·钱谦益《春秋论二》：“成济，奴隶小人，昭视之，孤豚腐鼠耳。”","translation":"同“孤雏腐鼠”。","pronunciation":"gūtúnfǔshǔ"},{"title":"狗头鼠脑","id":"GTSN","album":"《黑籍冤魂》第六回：“要说这林则徐，却不像那些狗头鼠脑的官员，要算我们中国的杰出人物。”","translation":"喻奴才相。","pronunciation":"gǒutóushǔnǎo"},{"title":"狗偷鼠窃","id":"GTSQ","album":"明·刘基《郁离子·千里马》：“君之门下，无非狗偷鼠窃、无赖之人也。”","translation":"同“狗盗鼠窃”。","pronunciation":"gǒutōushǔqiè"},{"title":"狐奔鼠窜","id":"HBSC","album":"宋书《索虏传》：“或有狐奔鼠窜，逃首北境，而辄便苞纳，待之若旧，资其粮仗，纵为寇贼。”《英烈传》第二十一回：“诸部士卒，俱各狐奔鼠窜退去。”","translation":"比喻非常狼狈的逃窜。","pronunciation":"húbēnshǔcuàn"},{"title":"狐凭鼠伏","id":"HPSF","album":"《三元里平夷录》：“逆夷各狐凭鼠伏，潜避两炮台中，不敢出入。”","translation":"象狐狸、老鼠那样潜伏在里面。","pronunciation":"húpíngshǔfú"},{"title":"狐潜鼠伏","id":"HQSF","album":"明张景《飞丸记公馆言情》：“山居草宿，狐潜鼠伏，将略胜孙吴，军势振颇牧。”","translation":"像狐狸和老鼠一样潜伏、藏匿。形容胆怯躲藏的样子。","pronunciation":"húqiánshǔfú"},{"title":"狐鼠之徒","id":"HSZT","album":"清褚人获《隋唐演义》第七十三回：“朝廷之纪纲法律尚在，但可恨这班狐鼠之徒耳。”","translation":"比喻品质低下的人。","pronunciation":"húshǔzhītú"},{"title":"稷蜂社鼠","id":"FSS","album":"汉韩婴《韩诗外传》第八卷：“稷蜂不攻，而社鼠不熏，非以稷蜂社鼠之神，其所托者善也。”","translation":"谷神庙里的马蜂，土地庙里的老鼠。比喻倚势作恶手的人。","pronunciation":"jìfēngshèshǔ"},{"title":"掘室求鼠","id":"JSQS","album":"《淮南子·说山训》：“坏塘以取龟，发屋而求狸，掘室而求鼠，割唇而治龋，桀跖之徒，君子不与。”","translation":"挖坏房子捉老鼠。比喻因小失大。","pronunciation":"juéshìqiúshǔ"},{"title":"进退首鼠","id":"JTSS","album":"宋·陈亮《与应仲实书》：“又思此别相见定何时，进退首鼠，卒以其所欲求正于仲实者而寓之书。”","translation":"进退不定；犹豫不决。首鼠，踌躇。","pronunciation":"jìntuìshǒushǔ"},{"title":"狼奔鼠窜","id":"LBSC","album":"明沉鲸《双珠记》第十四出：“忽闻访察怕如雷，狼奔鼠窜，无由忏悔。”","translation":"狼群鼠辈到处流窜。形容人四处奔跑逃窜。","pronunciation":"lángbēnshǔcuàn"},{"title":"狼奔鼠偷","id":"LBST","album":"清·梅曾亮《朝议大夫台湾府盖君墓志铭》：“公在商州六年，贼出入陕西久，无所掠利，锐欲窥河南甚，狼奔鼠偷，情状捷出。”","translation":"形容坏人到处扰乱。","pronunciation":"lángbēnshǔtōu"},{"title":"罗雀掘鼠","id":"LQJS","album":"《新唐书张巡传》：“至罗雀掘鼠，煮铠弩以食。”","translation":"原指张网捉麻雀、挖洞捉老鼠来充饥的窘困情况，后比喻想尽办法筹措财物。","pronunciation":"luóquèjuéshǔ"},{"title":"两鼠斗穴","id":"LSDX","album":"《史记廉颇蔺相如列传》：“其道远险狭，譬之犹两鼠斗于穴中，将勇者胜。”","translation":"比喻敌对双方在地势险狭的地方相遇，只有勇往直前的才能获胜。","pronunciation":"liǎngshǔdòuxué"},{"title":"老鼠过街","id":"LSGJ","album":"毛泽东《反对党八股》：“弄得这两个怪物原形毕露，‘老鼠过街，人人喊打’，这两个怪物也就容易消灭了。”","translation":"比喻害人的东西，人人痛恨。亦作“老鼠过街，人人喊打”。","pronunciation":"lǎoshǔguòjiē"},{"title":"老鼠过街，人人喊打","id":"LSGJRRHD","album":"毛泽东《反对党八股》：“弄得这两个怪物原形毕露，‘老鼠过街，人人喊打’，这两个怪物也就容易消灭了。”","translation":"比喻害人的东西，大家一致痛恨。","pronunciation":"lǎoshǔguòjiē，rénrénhǎndǎ"},{"title":"狼贪鼠窃","id":"LTSQ","album":"明于谦《出塞》诗：“瓦刺穷胡真犬豕，敢向边疆挠赤子。狼贪鼠窃去复来，不解偷生求速死。”","translation":"如狼那样贪狠；似鼠那样惯窃。常形容敌人贪狠卑鄙。","pronunciation":"lángtānshǔqiè"},{"title":"狼眼鼠眉","id":"LYSM","album":"","translation":"形容人相貌凶恶。","pronunciation":"lángyǎnshǔméi"},{"title":"目光如鼠","id":"MGRS","album":"鲁迅《两地书致许广平112》：“虽然他的目光如鼠，各处乱翻，我有时也有些觉得讨厌。”","translation":"形容人眼神奸滑。","pronunciation":"mùguāngrúshǔ"},{"title":"猫哭老鼠","id":"MKLS","album":"《说唐》第62回：“如今又不知那里杀来，又同牛鼻道人在此‘猫儿哭老鼠’，假慈悲。”","translation":"比喻假慈悲","pronunciation":"māokūlǎoshǔ"},{"title":"猫鼠同处","id":"MSTC","album":"《新唐书·五行志一》：“龙朔元年十一月，洛州猫鼠同处。鼠隐伏象盗窃，猫职捕啮，而反与鼠同，象司盗者废职容奸。”","translation":"见“猫鼠同眠”。","pronunciation":"māoshǔtóngchǔ"},{"title":"猫鼠同眠","id":"MSTM","album":"《新唐书五行志一》：“龙朔元年十一月，洛州猫鼠同处。鼠隐伏象盗窃，猫职捕啮，而反与鼠同，象司盗者废职容奸。”","translation":"猫同老鼠睡在一起。比喻官吏失职，包庇下属干坏事。也比喻上下狼狈为奸。","pronunciation":"māoshǔtóngmián"},{"title":"猫鼠同乳","id":"MSTR","album":"《新唐书·五行志一》：“天宝元年十月，魏郡猫鼠同乳。同乳者，甚于同处。”","translation":"见“猫鼠同眠”。","pronunciation":"māoshǔtóngrǔ"},{"title":"貊乡鼠壤","id":"XSR","album":"","translation":"见“貊乡鼠攘”。","pronunciation":"mòxiāngshǔrǎng"},{"title":"貊乡鼠攘","id":"XSR","album":"清·龚自珍《自序》：“今之世，有穷陬荒滨，貊乡鼠攘。”","translation":"旧谓民风浇薄、宵小横行的地区。","pronunciation":"mòxiāngshǔrǎng"},{"title":"马捉老鼠","id":"MZLS","album":"明田艺蘅《留青日札马捉老鼠》：“方言‘马捉老鼠’，盖讥人粗撞不了事也。”","translation":"比喻瞎忙乱","pronunciation":"mǎzhuōlǎoshǔ"},{"title":"鸟骇鼠窜","id":"NHSC","album":"宋·曾巩《救灾议》：“彼知己负有司之禁，则必鸟骇鼠窜，窃弄锄梃于草茅之中，以扞游缴之吏。”","translation":"形容惊恐逃窜。","pronunciation":"niǎohàishǔcuàn"},{"title":"鸟惊鼠窜","id":"NJSC","album":"《明史·艾万年传》：“贼衣食易尽，生理一绝，鸟惊鼠窜。”","translation":"见“鸟骇鼠窜”。","pronunciation":"niǎojīngshǔcuàn"},{"title":"捧头鼠窜","id":"PTSC","album":"《汉书蒯通传》：“常山王奉（捧）头鼠窜，以归汉王。”","translation":"抱着脑袋，象老鼠似地逃窜。形容仓皇逃跑的狼狈相。","pronunciation":"pěngtóushǔcuàn"},{"title":"雀角鼠牙","id":"QJSY","album":"《诗经召南行露》：“谁谓雀无角，何以穿我屋？……谁谓鼠无牙，何以穿我墉？”","translation":"雀、鼠：比喻强暴者。原指强逼女子成婚而引起的争讼。后泛指狱讼，争吵。","pronunciation":"quèjiǎoshǔyá"},{"title":"穷鼠啮狸","id":"QSNL","album":"汉桓宽《盐铁论诏圣》：“死不再生，穷鼠啮狸。”","translation":"啮：咬；狸：狸猫。无路可逃的老鼠也会咬猫。比喻受人欺压，虽然敌不过，也会拼死抵抗。","pronunciation":"qióngshǔnièlí"},{"title":"雀鼠之争","id":"QSZZ","album":"《诗·召南·行露》：“谁谓雀无角，何以穿我屋？……谁谓鼠无牙，何以穿我墉。”","translation":"指强暴侵凌引起的争讼。","pronunciation":"quèshǔzhīzhēng"},{"title":"鼠臂虮肝","id":"SBG","album":"清·钱谦益《仙坛唱和诗》：“生尝畏世谙谈虎，术不逢时学豢龙。鼠臂虮肝更何有，从今一一听天工。”","translation":"犹言鼠肝虫臂。谓或为鼠臂或为虮肝，指人世变化无常。","pronunciation":"shǔbìjǐgān"},{"title":"鼠窜蜂逝","id":"SCFS","album":"元·曹居一《李伯渊奇节传》：“乃大呼曰：‘所诛者此逆贼耳，他人无与焉。’稍稍鼠窜蜂逝，贴如也。”","translation":"形容纷纷跑散。","pronunciation":"shǔcuànfēngshì"},{"title":"鼠窜狗盗","id":"SCGD","album":"《隋书·高祖纪》：“历阳、广陵、窥觎相继，或谋图城邑，或劫剥吏人，昼伏夜游，鼠窜狗盗。”","translation":"像鼠狗那样奔窜偷盗。","pronunciation":"shǔcuàngǒudào"},{"title":"鼠窜狼奔","id":"SCLB","album":"明施耐庵《水浒传》第69回：“果然老百姓扶老挈幼，鼠窜狼奔，都奔东平府来。”","translation":"形容狼狈逃跑的情景。","pronunciation":"shǔcuànlángbēn"},{"title":"鼠盗狗窃","id":"SDGQ","album":"《北齐书·薛掓传》：“杲鼠盗狗窃，非有远志，宜先讨颢。”","translation":"同“鼠窃狗盗”。","pronunciation":"shǔdàogǒuqiè"},{"title":"鼠肚鸡肠","id":"SDJC","album":"明·烟霞散人《斩鬼传》：“鼠肚鸡肠，一包粪也存不住，要你何用。”","translation":"犹言鼠腹鸡肠。","pronunciation":"shǔdùjīcháng"},{"title":"鼠腹鸡肠","id":"SFJC","album":"明兰陵笑笑生《金瓶梅词话》第31回：“不是这说贼三寸货强盗，那鼠腹鸡肠的心儿，只好有三寸大一般。”","translation":"比喻气量狭小，只考虑小事，不顾大体。","pronunciation":"shǔfùjīcháng"},{"title":"鼠腹蜗肠","id":"SFWC","album":"《庄子逍遥游》：“鹪鹩巢于深林，不过一枝；偃鼠饮河，不过满腹。”","translation":"鼹鼠的肚子，蜗牛的肠子。比喻所求有限或气量狭小。","pronunciation":"shǔfùwōcháng"},{"title":"鼠肝虫臂","id":"SGCB","album":"先秦庄周《庄子大宗师》：“以汝为汝肝乎？以汝为虫臂乎？”","translation":"比喻极微小而无价值的东西。","pronunciation":"shǔgānchóngbì"},{"title":"鼠迹狐踪","id":"SJHZ","album":"明·胡应麟《少室山房笔丛·史书拈毕》：“羽椿忠大节，而世有责之备者；蒙鼠迹狐踪，而世有赞其能者。”","translation":"比喻人行踪鬼祟。","pronunciation":"shǔjìhúzōng"},{"title":"鼠目寸光","id":"SMCG","album":"清蒋士铨《临川梦》：“寻章摘句，别类分门，凑成各样新书，刻板出卖。吓得那一班鼠目寸光的时文朋友，拜到辕门，盲称吓赞。”","translation":"老鼠的眼睛只能看到一寸远的地方。形容目光短浅；没有远见。","pronunciation":"shǔmùcùnguāng"},{"title":"鼠目獐头","id":"SMT","album":"《旧唐书李揆传》：“龙章凤姿之士不见用，獐头鼠目之子乃求官。”","translation":"眼睛像老鼠那样又小又圆，脑袋象獐子那样又小又尖。形容人相貌丑陋，神情狡滑。","pronunciation":"shǔmùzhāngtóu"},{"title":"鼠凭社贵","id":"SPSG","album":"南朝梁沈约《恩幸传论》：“曾不知鼠凭社贵，狐藉虎威，外无逼主之嫌。”","translation":"老鼠把窝做在土地庙下面，使人不敢去挖掘。比喻坏人仗势欺人。","pronunciation":"shǔpíngshèguì"},{"title":"鼠窃狗盗","id":"SQGD","album":"西汉司马迁《史记刘敬叔孙通列传》：“此特群盗鼠窃狗盗耳，何足置之齿牙间。”","translation":"窃：偷。像老鼠小量窃取；像狗钻洞偷盗。指小偷小摸。","pronunciation":"shǔqiègǒudào"},{"title":"鼠窃狗偷","id":"SQGT","album":"明施耐庵《水浒传》第75回：“鼠窃狗偷之徒，何足虑哉。”","translation":"象老鼠少量窃取，象狗钻油偷盗。指小偷小摸。","pronunciation":"shǔqiègǒutōu"},{"title":"鼠雀之辈","id":"SQZB","album":"明·罗贯中《三国演义》第23回：“量鼠雀之辈，何足汗刀！”","translation":"蔑视他人之词。谓鄙陋卑微之徒。","pronunciation":"shǔquèzhībèi"},{"title":"鼠雀之牙","id":"SQZY","album":"元·柯丹邱《荆钗记·奸诘》：“学生失于龙蛇之辨，改有鼠雀之牙，抚已多惭，见公甚愧。”","translation":"指争讼之事。","pronunciation":"shǔquèzhīyá"},{"title":"鼠入牛角","id":"SRNJ","album":"《新五代史·南汉世家·刘玢》：“奈何吾子孙不肖，后世如鼠入牛角，势当渐小尔！”","translation":"比喻势力愈来愈小。","pronunciation":"shǔrùniújiǎo"},{"title":"社鼠城狐","id":"SSCH","album":"宋李纲《八月十一日次茶陵县入界湖南有感》诗：“巨蠹推穷付囹圄，社鼠城孤扫巢穴。”","translation":"社：土地庙。城墙上的狐狸，社庙里的老鼠。比喻依仗权势做恶，一时难以驱除的小人。","pronunciation":"shèshǔchénghú"},{"title":"首鼠两端","id":"SSLD","album":"西汉司马迁《史记魏其武安侯列传》：“武安已罢朝，出止车门，召韩御史大夫载，怒曰：‘与长儒共一老秃翁，何为首鼠两端。’”","translation":"首鼠：踌躇不决。在两者之间犹豫不决或动摇不定。","pronunciation":"shǒushǔliǎngduān"},{"title":"三蛇七鼠","id":"SSQS","album":"清·翟灏《通俗编·禽鱼》：“一亩之地，三蛇七鼠。”","translation":"比喻为害的东西多。","pronunciation":"sānshéqīshǔ"},{"title":"十鼠同穴","id":"SSTX","album":"晋陈寿《三国志魏志鲍勋传》：“勋无活分，而汝等敢纵之！收三官已下付刺奸，当令十鼠同穴。”","translation":"比喻使集中在一起，一网打尽。","pronunciation":"shíshǔtóngxué"},{"title":"鼠屎污羹","id":"SSWG","album":"宋·孙觌《跋吴省元真赞》：“吴公前辈盛德，予宿昔所敬慕，制一偈自赞，皆佛菩萨语，启诵三过，欲下一句而家有识真者，恐得鼠屎污羹之诮。”","translation":"比喻加进了不好的东西，从而破坏了原来美的事物。","pronunciation":"shǔshǐwūgēng"},{"title":"鼠偷狗盗","id":"STGD","album":"清·无名氏《陆沉痛》楔子：“遍地腥膻，直弄得江翻海扰，鼠偷狗盗，大劫何日了？”","translation":"同“鼠窃狗盗”。","pronunciation":"shǔtōugǒudào"},{"title":"蛇头鼠眼","id":"STSY","album":"清·岭南羽衣女士《东欧女豪杰》第三回：“忽听见门声一响，早有一个蛇头鼠眼，满脸胡须，又矮又胖的丑汉子走进来。”","translation":"形容人的面相丑恶，心术不正。亦作“蛇眉鼠眼”。","pronunciation":"shétóushǔyǎn"},{"title":"鼠心狼肺","id":"SXLF","album":"清·郑燮《后孤儿行》：“丈丈翁，得钱归，鼠心狼肺，侧目吞肥，千谋万算伏危机。”","translation":"形容心肠阴险狠毒。","pronunciation":"shǔxīnlángfèi"},{"title":"鼠穴寻羊","id":"SXXY","album":"清·袁枚《随园诗话补遗》第四卷：“余笑曰：‘此之谓鼠穴寻羊，蜂窠唱戏，非以诗学教人之道也。’”","translation":"比喻没有功效的做法。","pronunciation":"shǔxuéxúnyáng"},{"title":"鼠牙雀角","id":"SYQJ","album":"《诗经召南行露》：“谁谓雀无角，何以穿我屋？……谁谓鼠无牙，何以穿我墉？”","translation":"鼠、雀：比喻强暴者。原意是因为强暴者的欺凌而引起争讼。后比喻打官司的事。","pronunciation":"shǔyáquèjiǎo"},{"title":"投鼠忌器","id":"TSJQ","album":"汉贾谊《治安策》：“里谚曰：‘欲投鼠而忌器。’此善喻也。鼠近于器，尚惮不投，恐伤其器，况于贵臣之近主乎！”","translation":"想用东西打老鼠；又怕打坏了老鼠旁边的器物。比喻想打击坏人而又有所顾忌。","pronunciation":"tóushǔjìqì"},{"title":"投鼠之忌","id":"TSZJ","album":"明·沈德符《野获编·宫闱·今上家法》：“闻上初见弹台疏，圣意不择，特以贵妃故，有投鼠之忌。”","translation":"见“投鼠忌器”。","pronunciation":"tóushǔzhījì"},{"title":"梧鼠技穷","id":"WSJQ","album":"《荀子·劝学》：“腾蛇无足而飞，梧鼠五技而穷。”","translation":"梧鼠：即“鼯鼠”，为鼣鼠之误。比喻才能有限。","pronunciation":"wúshǔjìqióng"},{"title":"梧鼠五技","id":"WSWJ","album":"先秦荀况《荀子劝学》：“腾蛇无足而飞，梧鼠五技而穷。”","translation":"比喻才能虽多不精。","pronunciation":"wúshǔwǔjì"},{"title":"梧鼠之技","id":"WSZJ","album":"章炳麟《驳康有为论革命书》：“‘南海圣人’，多方善疗，而梧鼠之技，不过于五，亦有时而穷矣。”","translation":"同“梧鼠五技”。","pronunciation":"wúshǔzhījì"},{"title":"鼷鼠饮河","id":"SYH","album":"战国·宋·庄周《庄子·逍遥游》：“鹪鹩巢于深林，不过一枝。偃鼠饮河，不过满腹。”","translation":"比喻欲望有限。","pronunciation":"xīshǔyǐnhé"},{"title":"相鼠有皮","id":"XSYP","album":"《诗经·鄘风·相鼠》：“相鼠有皮，人而无仪（通“义”）；人而无仪，不死何为！”","translation":"相：视。看看老鼠尚且还有皮。旧指人须知廉耻，要讲礼义。","pronunciation":"xiàngshǔyǒupí"},{"title":"饮河鼹鼠","id":"YHS","album":"语出《庄子·逍遥游》：“偃鼠饮河，不过满腹。”明·李昌祺《剪灯余话·洞天花烛记》：“饮河鼹鼠愧盈腹，止鲁鶢鶋惭厚享。”","translation":"比喻指所需求或所得极有限的人。语本《庄子·逍遥游》：“偃鼠饮河，不过满腹。”","pronunciation":"yǐnhéyǎnshǔ"},{"title":"蚁溃鼠骇","id":"YKSH","album":"唐柳宗元《剑门铭序》：“左师出于剑门，大攘顽嚚，谕引劫胁，蚁溃鼠骇，险无以固，收夺利地，以须王师。”","translation":"形容敌军惊骇溃逃。","pronunciation":"yǐkuìshǔhài"},{"title":"以狸饵鼠","id":"YLES","album":"先秦商鞅《商君书农战》：“我不以货事上而求迁者，则如以狸饵鼠尔，必不冀矣。”","translation":"狸：猫。捉老鼠用猫作诱饵。比喻事必无成。","pronunciation":"yǐlǐěrshǔ"},{"title":"以狸致鼠","id":"YLZS","album":"《吕氏春秋功名》：“以狸致鼠，以冰致绳，虽工不能。”","translation":"狸：猫。捉老鼠用猫作诱饵。比喻事情不能成功。","pronunciation":"yǐlǐzhìshǔ"},{"title":"偃鼠饮河","id":"SYH","album":"《庄子·逍遥游》：“偃鼠饮河，不过满腹。”","translation":"比喻所需极有限。","pronunciation":"yǎnshǔyǐnhé"},{"title":"蝇营鼠窥","id":"YYSK","album":"明吴承恩《贺学博未齐陶师膺奖序》：“手谈眼语，譸张万端，蝇营鼠窥，射利如蜮，吾见驵侩之于市井也，而今布之学校矣。”","translation":"像蝇一样营营往来，像鼠一样四下窥伺。比喻到处钻营，贪婪无耻。","pronunciation":"yíngyíngshǔkuī"},{"title":"雉伏鼠窜","id":"FSC","album":"明·李东阳《西北备边事宜状》：“朝廷命将出师，天威所至，雉伏鼠窜，无有遗者。”","translation":"谓恐惧地躲藏，惊慌地逃窜。","pronunciation":"zhìfúshǔcuàn"},{"title":"鸮鸣鼠暴","id":"MSB","album":"明·夏完淳《周公论》：“鸮鸣鼠暴，竟为酷祸，所谓犹豫之失也。”","translation":"鸮鸟鸣叫，老鼠肆暴。比喻恶人气焰嚣张。","pronunciation":"zhāngmíngshǔbào"},{"title":"贼眉鼠眼","id":"ZMSY","album":"老舍《赵子曰》：“‘你没看见李景纯吗？’武端贼眉鼠眼的问：‘他来，她就不能来！’”","translation":"形容神情鬼鬼祟祟。","pronunciation":"zéiméishǔyǎn"},{"title":"掷鼠忌器","id":"ZSJQ","album":"《三国志·魏书·袁绍传》：“卓遣执金吾胡母班、将作大匠吴修赍诏书喻绍，绍使河内太守王匡杀之”裴松之注引三国吴·谢承《后汉书》：“班与匡书云：‘《刘向传》曰：掷鼠忌器。器犹忌之，况卓今处宫阙之内，以天子为藩屏……”","translation":"犹言投鼠忌器。","pronunciation":"zhìshǔjìqì"},{"title":"捉鼠拿猫","id":"ZSNM","album":"元·无名氏《射柳捶丸》第一折：“若论我腹中的兵书，委的有神鬼不测之机，有捉鼠拿猫之法。”","translation":"拿：抓住。捉住老鼠和猫。比喻能制服敌手。","pronunciation":"zhuōshǔnámāo"},{"title":"獐头鼠目","id":"TSM","album":"《旧唐书李揆传》：“龙章凤姿之士不见用，獐头鼠目之子乃求官。”","translation":"头长得像獐子一样；眼睛则像老鼠一样。形容人穷酸的样子或面貌丑陋；神情狡诈。","pronunciation":"zhāngtóushǔmù"},{"title":"贼头鼠脑","id":"ZTSN","album":"明·吴承恩《西游记》第三十一回：“八戒道:‘哥啊，我晓得。你贼头鼠脑的，一定又变作个甚么东西儿跟着我听的。’”","translation":"偷偷摸摸、鬼鬼祟祟的样子。","pronunciation":"zéitóushǔnǎo"}]}