{"items":[{"title":"爱礼存羊","id":"ALCY","album":"先秦孔子《论语八佾》：“子贡欲去告朔之饩羊，子曰：‘赐也，尔爱其羊，我爱其礼。’”","translation":"由于爱惜古礼，不忍使它废弛，因而保留古礼所需要的祭羊。比喻为维护根本而保留有关仪节。","pronunciation":"àilǐcúnyáng"},{"title":"昌歜羊枣","id":"C�bYZ","album":"宋苏轼《答李端叔书》：“不肖为人所僧，而二子独喜见誉，如人嗜昌歜羊枣，未易诘其所以然者。”","translation":"据传周文王嗜昌歜，春秋鲁曾点嗜羊枣。后用以指人所偏好之物。","pronunciation":"chāngzànyángzǎo"},{"title":"多歧亡羊","id":"DQWY","album":"战国郑列御寇《列子说符》：“大道以多歧亡羊，学者以多方丧生。”","translation":"因岔路太多无法追寻而丢失了羊。比喻事物复杂多变，没有正确的方向就会误入歧途。也比喻学习的方面多了就不容易精深。","pronunciation":"duōqíwángyáng"},{"title":"羝羊触藩","id":"YCF","album":"《周易大壮》：“羝羊触藩，不能退，不能遂。”","translation":"羝羊：公羊；触：抵撞；藩：篱笆。公羊的角缠在篱笆上，进退不得。比喻进退两难。","pronunciation":"dīyángchùfān"},{"title":"饿虎扑羊","id":"EHPY","album":"明·洪楩《清平山堂话本·五戒禅师么红莲记》：“一个初侵女色，由（犹）如饿虎吞羊。”","translation":"象饥饿的老虎扑向食物一样。比喻动作猛烈而迅速。","pronunciation":"èhǔpūyáng"},{"title":"饿虎擒羊","id":"EHQY","album":"清·钱彩《说岳全传》第七回：“兄听得索郎郎的叉盘声响，使个‘饿虎擒羊’势，叫道：‘你敢来么？’”","translation":"像饿急了的老虎捉羊一样。形容动作迅猛。亦作“饿虎吞羊”、“饿虎扑羊”。","pronunciation":"èhǔqínyáng"},{"title":"饿虎吞羊","id":"EHTY","album":"《清平山堂话本五戒禅师私红莲记》：“一个初侵女色，由如饿虎吞羊。”","translation":"饥饿的老虎活吞一只羊羔。比喻迅猛贪婪","pronunciation":"èhǔtūnyáng"},{"title":"告朔饩羊","id":"GSY","album":"《论语·八佾》：“子贡欲去告朔之忾羊。”","translation":"原指鲁国自文公起不亲到祖庙告祭，只杀一只羊应付一下。后比喻照例应付，敷衍了事。","pronunciation":"gùshuòxìyáng"},{"title":"挂羊头，卖狗肉","id":"GYTMGR","album":"宋·释普济《五灯会元》卷十六：“悬羊头，卖狗肉，坏后进，初几灭。”","translation":"比喻以好的名义做招牌，实际上兜售低劣的货色。","pronunciation":"guàyángtóu，màigǒuròu"},{"title":"挂羊头卖狗肉","id":"GYTMGR","album":"宋释惟白《续传灯录》第31卷：“悬羊头，卖狗肉，知它有甚凭据。”","translation":"比喻以好的名义做幌子，实际上名不副实或做坏事","pronunciation":"guàyángtóumàigǒuròu"},{"title":"虎荡羊群","id":"HDYQ","album":"清石玉昆《三侠五义》第九十二回：“那知小侠指东打西，窜南跃北，犹如虎荡羊群，不大的工夫，打了个落花流水。”","translation":"老虎冲进羊群中。比喻以强凌弱，为所欲为。同“虎入羊群”。","pronunciation":"hǔdàngyángqún"},{"title":"虎入羊群","id":"HRYQ","album":"明罗贯中《三国演义》第11回：“孔融望见太史慈与关、张赶杀贼众，如虎入羊群，纵横莫当，便驱兵出城。”","translation":"老虎进入羊群。形容强者在肆意欺凌弱者。","pronunciation":"hǔrùyángqún"},{"title":"羚羊挂角","id":"LYGJ","album":"宋严羽《沧浪诗话诗辨》：“盛唐诸人，唯在兴趣，羚羊挂角，无迹可求。故其妙处，透澈玲珑，不可凑泊。”","translation":"羚羊夜宿，挂角于树，脚不着地，以避祸患。旧时多比喻诗的意境超脱。","pronunciation":"língyángguàjiǎo"},{"title":"狼羊同饲","id":"LYTS","album":"明·张居正《答两广凌洋山计罗旁善后》：“若但务招徕，不加审别，兰棘并植，狼羊同饲，将复为昔日之罗旁矣。”","translation":"比喻把坏人同好人一样对待。","pronunciation":"lángyángtóngsì"},{"title":"卖狗悬羊","id":"MGXY","album":"明·苏子文《桂枝香》：“卖狗悬羊，驴粪毯儿外面光，瞒不慌。”","translation":"犹言挂羊头卖狗肉。意谓名不副实。","pronunciation":"màigǒuxuányáng"},{"title":"买王得羊","id":"MWDY","album":"唐·张怀瑾《书断》：“时人云：‘买王得羊，不失所望。’”","translation":"①谓想买王献之字，却得到了羊欣的字。意为差强人意。②指摹仿名人的字画虽然逼真而终差一等。","pronunciation":"mǎiwángdéyáng"},{"title":"鸟道羊肠","id":"NDYC","album":"宋·释普济《五灯会元·睡龙溥禅师法嗣》：“世人休说行路难，鸟道羊肠咫尺间。”","translation":"狭险典折的山路。","pronunciation":"niǎodàoyángcháng"},{"title":"牛羊勿践","id":"NYWJ","album":"语出《诗·大雅·行苇》：“敦彼行苇，牛羊勿践履，方苞方体，维叶泥泥。”郑玄笺：“草木方茂盛，以其终将为人用，故周之先王为此爱之，况于人乎？”","translation":"勿使牛羊践踏。比喻爱护。语出《诗·大雅·行苇》：“敦彼行苇，牛羊勿践履，方苞方体，维叶泥泥。”郑玄笺：“草木方茂盛，以其终将为人用，故周之先王为此爱之，况于人乎？”","pronunciation":"niúyángwùjiàn"},{"title":"歧路亡羊","id":"QLWY","album":"《列子说符》：“大道以多歧亡羊，学者以多方丧生。”","translation":"亡：丢失。在岔道上跑丢了羊。比喻人生道路复杂；掌握不好方向会误入歧途；以致难以达到预期目的。","pronunciation":"qílùwángyáng"},{"title":"牵羊担酒","id":"QYDJ","album":"元·无名氏《举案齐眉》第四折：“老夫如今牵羊担酒，与孩儿庆喜。”","translation":"牵着羊，挑着酒。表示向人慰劳或庆贺。","pronunciation":"qiānyángdànjiǔ"},{"title":"驱羊攻虎","id":"QYGH","album":"《史记·张仪列传》：“且夫为从者，无以异于驱群羊而攻猛虎，虎之与羊不格明矣。今王不与猛虎而与群羊，臣窃以为大王之计过也。”","translation":"驱：赶。驱赶羊群去进攻老虎。形容以弱敌强，力量悬殊，必遭覆灭。","pronunciation":"qūyánggōnghǔ"},{"title":"驱羊战狼","id":"QYZL","album":"宋·张耒《唐论中》：“而以之抗燕代之劲骑，此驱羊战狼，则明皇与重兵选卒所不得行之也。”","translation":"喻以弱击强。","pronunciation":"qūyángzhànláng"},{"title":"千羊之皮，不如一狐之腋","id":"QYZPBRYHZY","album":"西汉·司马迁《史记·赵世家》：“大夫无罪，吾闻千羊之皮，不如一狐之腋。诸大夫朝，徒闻唯唯，不闻周舍之谔谔，是以忧也。”","translation":"比喻众愚不如一贤。","pronunciation":"qiānyángzhīpí，bùrúyīhúzhīyè"},{"title":"如狼牧羊","id":"RLMY","album":"西汉司马迁《史记酷吏列传》：“宁成为济南都尉，其治如狼牧羊。”","translation":"如同狼放养羊一般。比喻官吏残酷地欺压人民。","pronunciation":"rúlángmùyáng"},{"title":"肉袒牵羊","id":"RTQY","album":"《左传·宣公十二年》：“郑伯肉袒牵羊以逆，曰：‘孤不天，不能事君，使君怀怒以及敝邑，孤之罪也。’”","translation":"牵羊：牵着羊，表示犒劳军队。古代战败投降的仪式。","pronunciation":"ròutǎnqiānyáng"},{"title":"舍策追羊","id":"SCZY","album":"语出《庄子·骈拇》：“臧与榖二人相与牧羊，而俱亡其羊。问臧奚事？则挟筴读书；问榖奚事？则博塞以游。”陆德明释文：“筴，字又作策，初革反。李云：竹简也。古以写书，长二尺四寸。”","translation":"放下手中书本去寻找丢失的羊。比喻发生错误以后，设法补救。语本《庄子骈拇》：“臧与榖二人相与牧羊，而俱亡其羊。问臧奚事？则挟筴读书；问榖奚事？则博塞以游。”陆德明释文：“筴，字又作策，初革反。李云：竹简也。古以写书，长二尺四寸。”","pronunciation":"shěcèzhuīyáng"},{"title":"素丝羔羊","id":"SSGY","album":"《诗经召南羔羊》：“羔羊之皮，素丝五陀。”","translation":"指正直廉洁的官吏。","pronunciation":"sùsīgāoyáng"},{"title":"顺手牵羊","id":"SSQY","album":"西汉戴圣《礼记曲礼上》：“效马效羊者右牵之。郑玄注：“用右手便。”","translation":"顺：方便。指顺手把羊牵走。比喻顺便利用可乘之机施展手法或手腕。","pronunciation":"shùnshǒuqiānyáng"},{"title":"鼠穴寻羊","id":"SXXY","album":"清·袁枚《随园诗话补遗》第四卷：“余笑曰：‘此之谓鼠穴寻羊，蜂窠唱戏，非以诗学教人之道也。’”","translation":"比喻没有功效的做法。","pronunciation":"shǔxuéxúnyáng"},{"title":"瘦羊博士","id":"SYBS","album":"《后汉书甄宇传》：“建武中，[甄宇]为州从事，征拜博士。”李贤注引《东观汉记》：“建武中每腊，诏书赐博士一羊。羊有大小肥瘦。时博士祭酒议，欲杀羊分肉，……宇因先自取其最瘦者，由是不复有争讼。”","translation":"指能克己让人的人。","pronunciation":"shòuyángbóshì"},{"title":"使羊将狼","id":"SYJL","album":"西汉司马迁《史记留侯世家》：“且太子所与俱诸将，皆尝与上定天下枭将也。今使太子将之，此无异使羊将狼也。”","translation":"将：统率，指挥。派羊去指挥狼。比喻不足以统率指挥。也比喻使仁厚的人去驾驭强横而有野心的人，这要坏事。","pronunciation":"shǐyángjiàngláng"},{"title":"十羊九牧","id":"SYJM","album":"《隋书杨尚希传》：“所谓民少官多，十羊九牧。”","translation":"十头羊倒用九个人放牧。比喻官多民少，赋税剥削很重。也比喻使令不一，无所适从。","pronunciation":"shíyángjiǔmù"},{"title":"屠所牛羊","id":"TSNY","album":"《大涅磐经·迦叶品》：“如囚趋市，步步近死，如牵牛羊诣于屠所。”","translation":"比喻临近死亡的人。","pronunciation":"túsuǒniúyáng"},{"title":"替罪羊","id":"TZY","album":"张平《抉择》：“你岂不是随时都会做替罪羊？”","translation":"古代犹太教祭礼是替人承担罪过的羊。比喻代人受过。","pronunciation":"tìzuìyáng"},{"title":"亡羊补牢","id":"WYBL","album":"西汉刘向《战国策楚策四》：“见兔而顾犬，未为晚也；亡羊而补牢，未为迟也。”","translation":"羊丢了再去修补羊圈还不算晚。比喻出了问题以后想办法补救可以防止继续受损失。亡：逃亡，丢失；牢：关牲口的圈。","pronunciation":"wángyángbǔláo"},{"title":"亡羊得牛","id":"WYDN","album":"《淮南子·说山训》：“亡羊而得牛，则莫不利失也。”","translation":"丢掉羊，得到牛。比喻损失小而收获大。","pronunciation":"wángyángdéniú"},{"title":"问羊知马","id":"WYZM","album":"东汉班固《汉书赵广汉传》：“钩距者，设欲知马贾，则先问狗，已问羊，又问牛，然后及马。”","translation":"比喻从旁推究，弄清楚事情真相。","pronunciation":"wènyángzhīmǎ"},{"title":"羊触藩篱","id":"YCFL","album":"明许仲琳《封神演义》第三十一回：“前无所往，退无所归，羊触藩篱，进退两难。”","translation":"羊角勾挂在篱笆上。形容既不能进，也不能退。","pronunciation":"yángchùfānlí"},{"title":"羊肠鸟道","id":"YCND","album":"唐玄宗《早登太行山中言志》诗：“火龙明鸟道，铁骑绕羊肠。”","translation":"形容山路狭窄，曲折而险峻。","pronunciation":"yángchángniǎodào"},{"title":"羊肠小道","id":"YCXD","album":"清李汝珍《镜花缘》第45回：“前面弯弯曲曲，尽是羊肠小道。”","translation":"原指太行山上一条小道。后形容狭窄曲折而又险峻的山路。","pronunciation":"yángchángxiǎodào"},{"title":"羊羔美酒","id":"YGMJ","album":"清曹雪芹《红楼梦》第七回：“我虽比他尊贵，但绫锦纱罗，也不过裹了我这枯株朽木，羊羔美酒，也不过填了我这粪窟泥沟。”","translation":"羊羔：酒名，因酿制材料中有羊肉，故名。味儿醇厚的好酒。","pronunciation":"yángāoměijiǔ"},{"title":"羊狠狼贪","id":"YHLT","album":"西汉司马迁《史记项羽本纪》：“因下令军中曰：‘猛如虎，很如羊，贪如狼，强不可使者，皆斩之。’”","translation":"狠：凶狠。原指为人凶狠，争夺权势。后比喻贪官污吏的残酷剥削。","pronunciation":"yánghěnlángtān"},{"title":"羊落虎口","id":"YLHK","album":"元·朱凯《昊天塔》第一折：“俺家姓杨，被番兵陷在虎口交牙峪里。这个叫做羊落虎口，正犯了兵家所忌。”","translation":"羊已被老虎吃到嘴里。比喻落入险境，很难幸免。亦作“羊入虎口”。","pronunciation":"yángluòhǔkǒu"},{"title":"羊毛出在羊身上","id":"YMCZYSS","album":"明唐顺之《公移牌》：“稍稍借贷度日，有收之年送还田主。谚所谓‘羊毛出在羊身上’。”","translation":"比喻表面上给了人家好处，但实际上这好处已附加在人家付出的代价里。","pronunciation":"yángmáochūzàiyángshēnshàng"},{"title":"羊入虎群","id":"YRHQ","album":"清·蒲松龄《聊斋志异·邵九娘》：“窃意羊入虎群，狼藉已不堪矣。”","translation":"比喻好人落入坏人的手中，处境极端危险。","pronunciation":"yángrùhǔqún"},{"title":"羊续悬鱼","id":"YXXY","album":"南朝·宋·范晔《后汉书·羊续传》：“府丞尝献其生鱼，续受而悬于庭。”","translation":"羊续，汉时官吏。羊续把生鱼悬于庭。形容为官清廉，拒受贿赂。","pronunciation":"yángxùxuányú"},{"title":"以羊易牛","id":"YYYN","album":"《孟子·梁惠王上》：“王坐于堂上，有牵牛而过堂下者。……曰：‘何可废也，以羊易之。’”","translation":"易：更换。用羊来替换牛。比喻用这个代替另一个。","pronunciation":"yǐyángyìniú"},{"title":"羊质虎皮","id":"YZHP","album":"西汉扬雄《法言吾子》：“羊质虎皮，见草而悦，见豺而战，忘其皮之虎矣。”","translation":"质：本性。羊虽然披上虎皮，还是见到草就喜欢，碰到豺狼就怕得发抖，它的本性没有变。比喻外表装作强大而实际上很胆小。","pronunciation":"yángzhìhǔpí"},{"title":"臧谷亡羊","id":"GWY","album":"宋苏轼《和刘道原〈咏史〉》：“仲尼忧世接舆狂，藏谷虽殊竟两亡。”","translation":"《庄子·骈拇》载，臧、谷二人牧羊，臧挟策读书，谷博塞以游，皆亡其羊。后因以为典，喻事不同而实则一。","pronunciation":"zānggǔwángyáng"},{"title":"臧穀亡羊","id":"EWY","album":"宋苏轼《和刘道原〈咏史〉》：“仲尼忧世接舆狂，藏穀虽殊竟两亡。”","translation":"《庄子·骈拇》载，臧、穀二人牧羊，臧挟策读书，穀博塞以游，皆亡其羊。后因以为典，喻事不同而实则一。","pronunciation":"zānggǔwángyáng"},{"title":"争鸡失羊","id":"ZJSY","album":"汉·焦延寿《易林》卷八：“争鸡失羊，亡其金囊。”","translation":"比喻贪小失大。","pronunciation":"zhēngjīshīyáng"}]}