{"items":[{"title":"拨草寻蛇","id":"BCXS","album":"明汤显祖《牡丹亭回生》：“咳，柳郎真信人也。亏杀你拨草寻蛇，亏杀你守株待兔。”","translation":"比喻招惹恶人，自找麻烦。","pronunciation":"bōcǎoxúnshé"},{"title":"笔底龙蛇","id":"BDLS","album":"明兰陵笑笑生《金瓶梅词话》第三十一回：“闻公博学广记，笔底龙蛇，真才子也。”","translation":"犹言笔走龙蛇。形容书法生动而有气势。","pronunciation":"bǐdǐlóngshé"},{"title":"杯弓蛇影","id":"BGSY","album":"清黄遵宪《感事》：“金玦庞凉舍隐痛，杯弓蛇影负奇冤。”","translation":"①将映在杯中的弓影误认为蛇。比喻疑神疑鬼；自相惊扰。②也可用来比喻虚幻的实际不存在的东西。也作“弓影杯蛇”。","pronunciation":"bēigōngshéyǐng"},{"title":"壁间蛇影","id":"BJSY","album":"明唐顺之《答王龙溪郎中书》：“若于此处稍参不破，则昔人所谓壁间蛇影，足以生疑而致病。”","translation":"比喻疑神疑鬼，徒自惊扰","pronunciation":"bìjiānshéyǐng"},{"title":"杯蛇鬼车","id":"BSGC","album":"《水浒传》第九五回：“况我兵惊恐，凡杯蛇鬼车，风兵草甲，无往非撼志之物。”","translation":"指因疑虑、惊惧导致幻觉中产生的怪物。杯蛇，“杯弓蛇影”之省；鬼车","pronunciation":"bēishéguǐchē"},{"title":"杯蛇幻影","id":"BSHY","album":"《花月痕》第五回：“杯蛇幻影，鬼蜮含沙。萦愁绪以回肠，蔓牵瓜落；拭泪珠而洗面，藕断丝长。”","translation":"比喻疑神疑鬼，自相惊扰。同“杯弓蛇影”。","pronunciation":"bēishéhuànyǐng"},{"title":"杯影蛇弓","id":"BYSG","album":"清·魏秀仁《花月痕》第四十五回：“杯影蛇弓魔人幻，帷灯匣剑鬼生疑。”","translation":"同“杯弓蛇影”。","pronunciation":"bēiyǐngshégōng"},{"title":"笔走龙蛇","id":"BZLS","album":"唐李白《草书歌行》：“恍恍如闻神鬼惊，时时只见龙蛇走。”","translation":"笔一挥动就能呈现出龙蛇舞动的神态。","pronunciation":"bǐzǒulóngshé"},{"title":"杯中蛇影","id":"BZSY","album":"明·程登吉《幼学琼林·鸟兽》：“杯中蛇影，自起猜疑；塞翁失马，难分祸福。龙驹凤雏，晋闵鸿夸吴中陆士龙之异；伏龙凤雏，司马徽称孔明庞士元之奇。”","translation":"同“杯弓蛇影”。","pronunciation":"bēizhōngshéyǐng"},{"title":"长蛇封豕","id":"CSF","album":"宋李纲《召赴文字库祗候引对札子》：“长蛇封豕，蓄锐深谋，待时而发，其意不浅。”","translation":"长蛇和大猪。比喻贪暴者。","pronunciation":"chángshéfēngshǐ"},{"title":"草蛇灰线","id":"CSHX","album":"《花月痕》第五回回评：“写秋痕，采秋，则更用暗中之明，明中之暗……草蛇灰线，马迹蛛丝，隐于不言，细入无间。”","translation":"比喻事物留下隐约可寻的线索和迹象。","pronunciation":"cǎoshéhuīxiàn"},{"title":"春蛇秋蚓","id":"CSQ","album":"明·宋濂《序》：“近世以来，徇末而忘本，濡毫行墨，春蛇秋蚓之连翩。”","translation":"见“春蚓秋蛇”。","pronunciation":"chūnshéqiūyǐn"},{"title":"春蚓秋蛇","id":"CQS","album":"《晋书王羲之传论》：“（萧子云）仅得成书，无丈夫之气，行行若萦春蚓，字字如绾秋蛇。”","translation":"比喻字写得不好，弯弯曲曲，象蚯蚓和蛇爬行的痕迹。","pronunciation":"chūnyǐnqiūshé"},{"title":"打草惊蛇","id":"DCJS","album":"宋郑文宝《南唐近事》：“鲁乃判曰：‘汝虽打草，吾已蛇惊。’为好事者口实焉。”","translation":"打草时惊动伏在草中的蛇。原比喻惩治甲方以警告乙方或甲受到打击惩处；使乙感到惊慌。后多比喻行动不慎不严密而惊动对方。","pronunciation":"dǎcǎojīngshé"},{"title":"打草蛇惊","id":"DCSJ","album":"《景德传灯录·省念禅师》：“问：‘四众围观，师说何法？’师曰：‘打草蛇惊’”","translation":"见“打草惊蛇”。","pronunciation":"dǎcǎoshéjīng"},{"title":"打蛇打七寸","id":"DSDQC","album":"清吴敬梓《儒林外史》第14回：“我也只愿得无事，落得‘河水不洗船’，但做事也要‘打蛇打七寸’才妙。”","translation":"比喻说话做事必须抓住主要环节。","pronunciation":"dǎshédǎqīcùn"},{"title":"毒蛇猛兽","id":"DSMS","album":"孙中山《民权主义》第一讲：“在人同兽争的时代，因为不知道何时有毒蛇猛兽来犯，所以人类时时刻刻不知生死。”","translation":"泛指对人类生命有威胁的动物。比喻贪暴者","pronunciation":"dúshéměngshòu"},{"title":"斗折蛇行","id":"DZSX","album":"唐·柳宗元《永州八记·小石潭记》：“漂西南而望，斗折蛇行，明灭可见。”","translation":"斗折：像北斗星的排列一样曲折。像北斗星一样弯曲，像蛇一样曲折行进。形容道路曲折蜿蜒。","pronunciation":"dǒuzhéshéxíng"},{"title":"佛口蛇心","id":"FKSX","album":"明梅鼎祚《玉合记焚修》：“师父不要骂，动了嗔心，要变白蟒哩。好两个佛口蛇心。”","translation":"比喻话虽说得好听，心肠却极狠毒。","pronunciation":"fókǒushéxīn"},{"title":"飞鸟惊蛇","id":"FNJS","album":"《法书苑》：“唐时一僧释亚楼善草书，曾自题一联：‘飞鸟入林，惊蛇入草。’”","translation":"像飞鸟入林，受惊的蛇窜入草丛一样。形容草书自然流畅。","pronunciation":"fēiniǎojīngshé"},{"title":"封豕长蛇","id":"FCS","album":"左丘明《左传定公四年》：“吴为封豕长蛇，以荐食上国，虐始于楚。”","translation":"封：大。豕：猪。大猪和长蛇。比喻凶暴恶毒的大坏蛋。","pronunciation":"fēngshǐchángshé"},{"title":"蝮蛇螫手，壮士解腕","id":"SSZSJW","album":"宋司马光《资治通鉴梁武帝中大通二年》：“蝮蛇螫手，壮士解腕。割指亦是其类，乃吉祥也。”","translation":"手腕被腹蛇咬伤，便立即截断，以免毒液延及全身，危及生命。比喻事到紧要关头，必须下决心当机立断。也比喻牺牲局部，照顾全局。","pronunciation":"fùshéshìshǒu，zhuàngshìjiěwàn"},{"title":"封豨修蛇","id":"FXS","album":"《淮南子·修务训》：“吴为封豨修蛇，蚕食上国。”","translation":"见“封豕长蛇”。","pronunciation":"fēngxīxiūshé"},{"title":"弓影杯蛇","id":"GYBS","album":"清·沈复《浮生六记·闺房记乐》：“一灯如豆，罗帐低垂，弓影杯蛇，惊神未定。”","translation":"见“弓影浮杯”。","pronunciation":"gōngyǐngbēishé"},{"title":"画蛇添足","id":"HSTZ","album":"西汉刘向《战国策齐策二》：“蛇固无足，子安能为之足？”","translation":"画蛇时添上脚。喻指徒劳无益；多此一举。","pronunciation":"huàshétiānzú"},{"title":"画蛇著足","id":"HSZZ","album":"唐韩愈《感春》诗之四：“画蛇著足无处用，两鬓雪白趋埃尘。”","translation":"比喻做了多余的事，非但无益，反而不合适。同“画蛇添足”。","pronunciation":"huàshézhuózú"},{"title":"虎头蛇尾","id":"HTSW","album":"元康进之《李逵负棘》第二折：“则为你两头白面搬兴废，转背言词说是非，这厮狗行狼心，虎头蛇尾。”","translation":"头大像老虎一样；尾巴像蛇一样细。比喻做事有始无终；起初声势很大；后来劲头很小。","pronunciation":"hǔtóushéwěi"},{"title":"惊蛇入草","id":"JSRC","album":"唐韦续《书诀墨薮》：“作一牵如百岁枯藤，作一放纵如惊蛇入草。”","translation":"形容草书写得矫健而活泼。","pronunciation":"jīngshérùcǎo"},{"title":"鲸吞蛇噬","id":"JTSS","album":"清·鲁一同《秦论》：“秦人一出其师以挠山东，诸侯莫能支，鲸吞蛇噬，不及百年，天下席卷而入于秦矣。”","translation":"像鲸鱼和蛇一样吞食。比喻侵吞兼并。","pronunciation":"jīngtūnshéshì"},{"title":"龙鬼蛇神","id":"LGSS","album":"清·钱谦益《列朝诗集小说·铁崖先生杨维桢》：“所作古乐府辞，隐然有旷世金石声，又时出龙鬼蛇神，以眩荡一世之耳目。”","translation":"喻奇诡怪僻。","pronunciation":"lóngguǐshéshén"},{"title":"龙屈蛇伸","id":"LQSS","album":"清·陈恭尹《送雪公归耕苍梧歌》：“毛摧羽落君莫叹，龙屈蛇伸自终古。”","translation":"喻君子受屈而小人得志。","pronunciation":"lóngqūshéshēn"},{"title":"龙蛇飞动","id":"LSFD","album":"宋苏轼《西江月平山堂》词：“十年不见老仙翁，壁上龙蛇飞动。”","translation":"仿佛龙飞腾，蛇游动。形容书法气势奔放，笔力劲健。","pronunciation":"lóngshéfēidòng"},{"title":"龙蛇飞舞","id":"LSFW","album":"清·李汝珍《镜花缘》第八十八回：“闺臣听了，把神凝了一凝，只得打起精神，举起笔来，刷、刷、刷如龙蛇飞舞一般，一连写了几句。”","translation":"见“龙蛇飞动”。","pronunciation":"lóngshéfēiwǔ"},{"title":"龙蛇混杂","id":"LSHZ","album":"《古尊宿语录》第二卷：“殊云：‘凡圣同居，龙蛇混杂。’”","translation":"比喻好人和坏人混在一起。","pronunciation":"lóngshéhùnzá"},{"title":"灵蛇之珠","id":"LSZZ","album":"《淮南子·说览冥训》：“譬如惰侯之珠，和氏之璧，得之者富，失之者贫。”","translation":"即隋珠。原比喻无价之宝。后也比喻非凡的才能。","pronunciation":"língshézhīzhū"},{"title":"龙头蛇尾","id":"LTSW","album":"宋朱熹《朱子语类》第130卷：“如在欧公文集序，先说得许多天来底大，恁地好了，到结束处，却只如此，盖不止龙头蛇尾矣。”","translation":"比喻开头盛大，结尾衰减","pronunciation":"lóngtóushéwěi"},{"title":"牛鬼蛇神","id":"NGSS","album":"唐杜牧《李贺诗序》：“牛鬼蛇神，不足为其虚荒诞幻也。”","translation":"牛头的鬼；蛇身的神。原形容李贺诗的想象奇特、虚幻怪诞。后多用于比喻形形色色的坏人。","pronunciation":"niúguǐshéshén"},{"title":"强龙不压地头蛇","id":"QLBYDTS","album":"明吴承恩《西游记》第45回：“你也忒自重了，更不让我远乡之僧--也罢，这正是'强龙不压地头蛇'。”","translation":"比喻实力强大者也难对付当地的势力。","pronunciation":"qiánglóngbùyādìtóushé"},{"title":"人心不足蛇吞象","id":"RXBZSTX","album":"元无名氏《冤家债主》楔子：“人心不足蛇吞象，世事到头螳捕蝉。”","translation":"比喻人贪心不足，就象蛇想吞食大象一样。","pronunciation":"rénxīnbùzúshétūnxiàng"},{"title":"豕分蛇断","id":"FSD","album":"后蜀·何光远《鉴诚录·知机对》：“一击而鱼溃鸟离；四合而豕分蛇断。”","translation":"比喻支离破碎。","pronunciation":"shǐfēnshéduàn"},{"title":"蛇化为龙，不变其文","id":"SHWLBBQW","album":"《史记·外戚世家》：“蛇化为龙，不变其文；家化为国，不变其姓。”","translation":"比喻无论形式上怎样变化，实质还是一样。","pronunciation":"shéhuàwéilóng，bùbiànqíwén"},{"title":"蛇口蜂针","id":"SKFZ","album":"","translation":"比喻恶毒的言词和手段。","pronunciation":"shékǒufēngzhēn"},{"title":"蛇食鲸吞","id":"SSJT","album":"隋·薛道衡《老氏碑》：“天齐地轴之所，蛇食鲸吞；铜陵、玉垒之区，狼顾鸱跱。”","translation":"蛇食：像蛇一样吞食。鲸吞：像鲸一样吞咽。比喻强者逐步并吞弱者。","pronunciation":"shéshíjīngtūn"},{"title":"三蛇七鼠","id":"SSQS","album":"清·翟灏《通俗编·禽鱼》：“一亩之地，三蛇七鼠。”","translation":"比喻为害的东西多。","pronunciation":"sānshéqīshǔ"},{"title":"蛇头鼠眼","id":"STSY","album":"清·岭南羽衣女士《东欧女豪杰》第三回：“忽听见门声一响，早有一个蛇头鼠眼，满脸胡须，又矮又胖的丑汉子走进来。”","translation":"形容人的面相丑恶，心术不正。亦作“蛇眉鼠眼”。","pronunciation":"shétóushǔyǎn"},{"title":"蛇心佛口","id":"SXFK","album":"宋释普济《五灯会元》卷二十：“诸佛出世，打劫杀人，祖师西来，吹风放火，古今善知识佛口蛇心，天下衲僧自投笼槛。”","translation":"佛的嘴巴，蛇的心肠。比喻话虽说得好听，心肠却极狠毒。","pronunciation":"shéxīnfókǒu"},{"title":"蛇蝎心肠","id":"SXXC","album":"元·无名氏《抱妆盒》第二折：“便是蛇蝎心肠，不似恁般毒害。”","translation":"蝎：一种毒虫。有蛇蝎一样狠毒的心肠。形容人心狠毒。亦作“蛇蝎为心”。","pronunciation":"shéxiēxīncháng"},{"title":"蛇影杯弓","id":"SYBG","album":"汉应劭《风俗通义世间多有见怪》：“时北壁上有悬赤弩照于杯，形如蛇。宣畏恶之，然不敢不饮。”","translation":"把酒杯中的弓影当成了蛇。比喻因疑神疑鬼而自惊自怕。","pronunciation":"shéyǐngbēigōng"},{"title":"蛇欲吞象","id":"SYTX","album":"《山海经·海内南经》：“巴蛇食象，三岁而出其骨。”战国楚·屈原《天问》：“一蛇吞象，厥大何如？”","translation":"蛇想吞下大象。比喻贪欲极大。","pronunciation":"shéyùtūnxiàng"},{"title":"岁在龙蛇","id":"SZLS","album":"《后汉书·郑玄传》：“五年春，梦孔子告之曰：‘起，起，今年岁在辰，来年岁在巳。’既寤，以谶合之，知当命终，有顷寝疾。”李贤注：“北齐刘昼《高才不遇传》论玄曰‘辰为龙，巳为蛇，岁至龙蛇。贤人嗟，玄以谶合之’，盖谓此也。”","translation":"《后汉书·郑玄传》：“五年春，梦孔子告之曰：‘起，起，今年岁在辰，来年岁在巳。’既寤，以谶合之，知当命终，有顷寝疾。”李贤注：“北齐刘昼《高才不遇传》论玄曰‘辰为龙，巳为蛇，岁至龙蛇。贤人嗟，玄以谶合之’，盖谓此也。”岁，岁星；龙，指辰；蛇，指巳。后谓命","pronunciation":"suìzàilóngshé"},{"title":"贪蛇忘尾","id":"TSWW","album":"宋·文莹《玉壶清话》：“贪蛇前行，必忘其尾。”","translation":"比喻只图眼前利益而不考虑后果。","pronunciation":"tānshéwàngwěi"},{"title":"为虺弗摧，为蛇若何","id":"WFCWSRH","album":"《国语·吴语》：“夫越王好信以爱民，四方归之；年谷时熟，日长炎炎，及吾犹可以战也。为虺弗摧，为蛇将若何？”","translation":"虺：小蛇；弗：不；摧：消灭。小蛇不打死，大了就难办。比喻不乘胜将敌人歼灭，必有后患。","pronunciation":"wéihuǐfúcuī，wéishéruòhé"},{"title":"为蛇画足","id":"WSHZ","album":"《战国策·齐策二》：“楚有祠者，赐其舍人卮酒。舍人相谓曰：‘数人饮之不足，一人饮之有余；请画地为蛇，先成者饮酒。’一人蛇先成，引酒且饮之，乃左手持卮，右手画蛇，曰：‘吾能为之足。’未成，一人之蛇成，夺其卮曰：‘蛇固无足，子安能为之","translation":"《战国策·齐策二》：“楚有祠者，赐其舍人卮酒。舍人相谓曰：‘数人饮之不足，一人饮之有余；请画地为蛇，先成者饮酒。’一人蛇先成，引酒且饮之，乃左手持卮，右手画蛇，曰：‘吾能为之足。’未成，一人之蛇成，夺其卮曰：‘蛇固无足，子安能为之足！’遂饮其酒。”后以“","pronunciation":"wéishéhuàzú"},{"title":"握蛇骑虎","id":"WSQH","album":"《魏书彭城王传》：“兄识高年长，故知有夷险；彦和握蛇骑虎，不觉艰难。”","translation":"比喻处境极其险恶。","pronunciation":"wòshéqíhǔ"},{"title":"为蛇添足","id":"WSTZ","album":"明·王廷相《答何柏斋》：“此论为蛇添足，又岂自然而然之道哉？”","translation":"见“为蛇画足”。","pronunciation":"wéishétiānzú"},{"title":"枭蛇鬼怪","id":"SGG","album":"鲁迅《两地书·致许广平112》：“这即使是对头，是敌手，是枭蛇鬼怪，我都不问。”","translation":"比喻丑恶之徒。","pronunciation":"xiāoshéguǐguài"},{"title":"膝语蛇行","id":"XYSX","album":"明·袁宏道《徐文长传》：“是时公督数边兵，威振东南，介胄之事，膝语蛇行，不敢举头。”","translation":"跪着说话，伏地而行。极言其畏服。","pronunciation":"xīyǔshéxíng"},{"title":"虚与委蛇","id":"XYWS","album":"先秦庄周《庄子应帝王》：“乡吾示之以未始出吾宗，吾与之虚而委蛇。”","translation":"待人处事没有真心诚意；只在表面敷衍应酬。虚：表面的；委蛇：随便应顺；敷衍。","pronunciation":"xūyǔwēiyí"},{"title":"养虺成蛇","id":"YCS","album":"《国语吴语》：“为虺弗摧，为蛇将若何？”","translation":"比喻纵容敌人，听任其强大起来。","pronunciation":"yǎnghuǐchéngshé"},{"title":"一龙一蛇","id":"YLYS","album":"先秦管仲《管子枢言》：“周者不出于口，不见于色。一龙一蛇，一日五化之谓周。”","translation":"比喻人的处藏或出或处，或显或隐，随着情况的不同而变更。","pronunciation":"yīlóngyīshé"},{"title":"一年被蛇咬，十年怕井绳","id":"YNBSYSNPJS","album":"明·凌濛初《初刻拍案惊奇》第一卷：“一年被蛇咬，三年怕草索，说到货物，我就没有胆气了。”","translation":"比喻在某件事情上吃过苦头，以后一碰到类似的事情就害怕。","pronunciation":"yīniánbèishéyǎo，shíniánpàjǐngshéng"},{"title":"一蛇两头","id":"YSLT","album":"唐·韩愈《永贞行》诗：“一蛇两头见未曾，怪鸟鸣唤令人憎。”","translation":"比喻阴险凶恶的人。","pronunciation":"yīshéliǎngtóu"},{"title":"一字长蛇阵","id":"YZCSZ","album":"明·施耐庵《水浒传》第88回：“听的里面雷声高举，四七二十八门，一齐分开，变作一字长蛇之阵，便杀出来。”","translation":"排列成一长条的阵势。形容排列成一长条的人或物。","pronunciation":"yīzìchángshézhèn"},{"title":"长虺成蛇","id":"CCS","album":"《洛阳伽蓝记建中寺》：“养虎自啮，长虺成蛇。”","translation":"虺：小蛇，毒蛇。指养奸遗患。比喻纵容敌人，听任其强大起来。而留下","pronunciation":"zhǎnghuīchéngshé"}]}